r_A,Li_S,P_S
2.500000000000000139e-02,0.000000000000000000e+00,0.000000000000000000e+00
7.500000000000001110e-02,0.000000000000000000e+00,0.000000000000000000e+00
1.250000000000000000e-01,0.000000000000000000e+00,0.000000000000000000e+00
1.750000000000000167e-01,0.000000000000000000e+00,0.000000000000000000e+00
2.250000000000000056e-01,0.000000000000000000e+00,0.000000000000000000e+00
2.750000000000000222e-01,0.000000000000000000e+00,0.000000000000000000e+00
3.250000000000000666e-01,0.000000000000000000e+00,0.000000000000000000e+00
3.750000000000000000e-01,0.000000000000000000e+00,0.000000000000000000e+00
4.250000000000000444e-01,0.000000000000000000e+00,0.000000000000000000e+00
4.749999999999999778e-01,0.000000000000000000e+00,0.000000000000000000e+00
5.250000000000000222e-01,0.000000000000000000e+00,0.000000000000000000e+00
5.750000000000000666e-01,0.000000000000000000e+00,0.000000000000000000e+00
6.250000000000000000e-01,0.000000000000000000e+00,0.000000000000000000e+00
6.750000000000000444e-01,0.000000000000000000e+00,0.000000000000000000e+00
7.250000000000000888e-01,0.000000000000000000e+00,0.000000000000000000e+00
7.750000000000000222e-01,0.000000000000000000e+00,0.000000000000000000e+00
8.250000000000000666e-01,0.000000000000000000e+00,0.000000000000000000e+00
8.750000000000000000e-01,0.000000000000000000e+00,0.000000000000000000e+00
9.250000000000000444e-01,0.000000000000000000e+00,0.000000000000000000e+00
9.750000000000000888e-01,0.000000000000000000e+00,0.000000000000000000e+00
1.024999999999999911e+00,0.000000000000000000e+00,0.000000000000000000e+00
1.075000000000000178e+00,0.000000000000000000e+00,0.000000000000000000e+00
1.125000000000000000e+00,0.000000000000000000e+00,0.000000000000000000e+00
1.175000000000000266e+00,0.000000000000000000e+00,0.000000000000000000e+00
1.225000000000000089e+00,0.000000000000000000e+00,0.000000000000000000e+00
1.274999999999999911e+00,0.000000000000000000e+00,0.000000000000000000e+00
1.325000000000000178e+00,0.000000000000000000e+00,0.000000000000000000e+00
1.375000000000000000e+00,0.000000000000000000e+00,0.000000000000000000e+00
1.425000000000000266e+00,0.000000000000000000e+00,0.000000000000000000e+00
1.475000000000000089e+00,0.000000000000000000e+00,0.000000000000000000e+00
1.524999999999999911e+00,0.000000000000000000e+00,0.000000000000000000e+00
1.575000000000000178e+00,0.000000000000000000e+00,0.000000000000000000e+00
1.625000000000000000e+00,0.000000000000000000e+00,0.000000000000000000e+00
1.675000000000000266e+00,0.000000000000000000e+00,0.000000000000000000e+00
1.725000000000000089e+00,0.000000000000000000e+00,0.000000000000000000e+00
1.774999999999999911e+00,0.000000000000000000e+00,0.000000000000000000e+00
1.825000000000000178e+00,0.000000000000000000e+00,0.000000000000000000e+00
1.875000000000000000e+00,0.000000000000000000e+00,5.582369049054611843e-01
1.925000000000000266e+00,2.521980041971734129e-02,3.152475052464668970e+00
1.975000000000000089e+00,7.986359927827636068e-03,9.104450317723507879e+00
2.025000000000000355e+00,9.116232673560875632e-02,1.258040108951400349e+01
2.075000000000000178e+00,3.183477136007527575e-01,1.130857900813583150e+01
2.125000000000000000e+00,5.380999749268444710e-01,9.768584160210407319e+00
2.174999999999999822e+00,1.158994283019253668e+00,4.820362586193712495e+00
2.225000000000000089e+00,1.812259794105777644e+00,2.001036855991796148e+00
2.275000000000000355e+00,2.642351024139208526e+00,1.065367041623325628e+00
2.325000000000000178e+00,2.916044445200175694e+00,4.149312254039776993e-01
2.375000000000000000e+00,3.065180042295645890e+00,8.284270384582827218e-02
2.425000000000000266e+00,3.220853577989797323e+00,9.535421776943478478e-02
2.475000000000000089e+00,3.290374858106146938e+00,9.154056792258215280e-02
2.525000000000000355e+00,3.063633847274192412e+00,2.931707030884395798e-02
2.575000000000000178e+00,2.875342503853545395e+00,0.000000000000000000e+00
2.625000000000000000e+00,2.586012126046191462e+00,0.000000000000000000e+00
2.675000000000000266e+00,2.272566289643432214e+00,0.000000000000000000e+00
2.725000000000000089e+00,1.980172728993386588e+00,0.000000000000000000e+00
2.775000000000000355e+00,1.723368493695544457e+00,1.213639784292637296e-02
2.825000000000000178e+00,1.510667888501239009e+00,0.000000000000000000e+00
2.875000000000000000e+00,1.541497901629575562e+00,0.000000000000000000e+00
2.925000000000000266e+00,1.197953211307199783e+00,0.000000000000000000e+00
2.975000000000000089e+00,1.133386363311920553e+00,0.000000000000000000e+00
3.025000000000000355e+00,1.048567384867092889e+00,2.042663736754076961e-02
3.075000000000000178e+00,8.302464093755703711e-01,9.883885825899647523e-03
3.125000000000000000e+00,8.357920910833815942e-01,1.914027689503927654e-02
3.175000000000000266e+00,7.447780729222801543e-01,3.708438537372350796e-02
3.225000000000000089e+00,7.727835038953286828e-01,3.594341878582923977e-02
3.275000000000000355e+00,6.535182918954371978e-01,1.045629267032699705e-01
3.325000000000000178e+00,6.678257137900207585e-01,1.014418805756993613e-01
3.375000000000000000e+00,6.837396814353817742e-01,1.558926473672670454e-01
3.425000000000000266e+00,6.081530537951891358e-01,1.752755526221942972e-01
3.475000000000000089e+00,6.268959112404373091e-01,2.863598606900763510e-01
3.525000000000000355e+00,5.992094458115788669e-01,3.159012141098700988e-01
3.575000000000000178e+00,6.142535050651748429e-01,3.436894611674193301e-01
3.625000000000000000e+00,5.452694964231723507e-01,3.271616978539034215e-01
3.675000000000000266e+00,6.251067361513963361e-01,4.428800492290335677e-01
3.725000000000000089e+00,5.904769483051095502e-01,6.331349787910300897e-01
3.775000000000000355e+00,6.055441072299010408e-01,5.574503514210280564e-01
3.825000000000000178e+00,5.898165847091566549e-01,6.068509987079770962e-01
3.875000000000000000e+00,6.659810430053616503e-01,6.410845554163762117e-01
3.925000000000000266e+00,6.491216754429465219e-01,7.583197143025075526e-01
3.975000000000000089e+00,6.762704357365784125e-01,6.388093911914036749e-01
4.025000000000000355e+00,7.172618824477201560e-01,8.191784501949834763e-01
4.075000000000000178e+00,7.260333401001726195e-01,7.541741672358382997e-01
4.125000000000000000e+00,7.140319712347722447e-01,7.909277219831324368e-01
4.175000000000000711e+00,6.934574995935622876e-01,1.008015540646312047e+00
4.224999999999999645e+00,8.289749143609796977e-01,9.057641695859969255e-01
4.275000000000000355e+00,8.096973070323538746e-01,9.614090129815739960e-01
4.325000000000000178e+00,9.010035013493477019e-01,9.043343830548906670e-01
4.375000000000000000e+00,8.658787164173331607e-01,1.025382690494210491e+00
4.425000000000000711e+00,8.098281809797034381e-01,1.093029391617006629e+00
4.474999999999999645e+00,8.929508789447165862e-01,1.124744748217822110e+00
4.525000000000000355e+00,9.691792793828767349e-01,1.068075124217864325e+00
4.575000000000000178e+00,1.009135416547552566e+00,1.102904636669227889e+00
4.625000000000000000e+00,1.009280319442035445e+00,1.175309116579686730e+00
4.675000000000000711e+00,1.080458547420528825e+00,1.163132156589909982e+00
4.724999999999999645e+00,1.017246312170335454e+00,1.172135668344419734e+00
4.775000000000000355e+00,1.124489460423158338e+00,1.377260481295921934e+00
4.825000000000001066e+00,1.207019509667801582e+00,1.380980192879347479e+00
4.875000000000000000e+00,1.069654162869789316e+00,1.451111713599089414e+00
4.925000000000000711e+00,1.139235983758443149e+00,1.548949939585887670e+00
4.974999999999999645e+00,1.195749075150772667e+00,1.427346790758922568e+00
