time_ps,density_g_cm3,CN_ZrO_2.6A,CN_ZrCl_3.2A,fraction_S_fourO_2A
1.000000000000000056e-01,1.895542401548760747e+00,1.531250000000000000e+00,4.156250000000000000e+00,1.000000000000000000e+00
2.000000000000000111e-01,1.923892933843885711e+00,1.531250000000000000e+00,4.250000000000000000e+00,1.000000000000000000e+00
3.000000000000000444e-01,1.905344188404644257e+00,1.500000000000000000e+00,4.250000000000000000e+00,1.000000000000000000e+00
4.000000000000000222e-01,1.854291114886306380e+00,1.531250000000000000e+00,4.250000000000000000e+00,1.000000000000000000e+00
5.000000000000000000e-01,1.844826545698755815e+00,1.531250000000000000e+00,4.187500000000000000e+00,1.000000000000000000e+00
6.000000000000000888e-01,1.819445152176492941e+00,1.531250000000000000e+00,4.281250000000000000e+00,1.000000000000000000e+00
7.000000000000000666e-01,1.814593608074345665e+00,1.531250000000000000e+00,4.281250000000000000e+00,1.000000000000000000e+00
8.000000000000000444e-01,1.812693999791858079e+00,1.531250000000000000e+00,4.281250000000000000e+00,1.000000000000000000e+00
9.000000000000000222e-01,1.827048844431174546e+00,1.531250000000000000e+00,4.218750000000000000e+00,1.000000000000000000e+00
1.000000000000000000e+00,1.830375682400089854e+00,1.531250000000000000e+00,4.281250000000000000e+00,1.000000000000000000e+00
1.100000000000000089e+00,1.830839224542443633e+00,1.531250000000000000e+00,4.281250000000000000e+00,1.000000000000000000e+00
1.200000000000000178e+00,1.824477545483589980e+00,1.531250000000000000e+00,4.187500000000000000e+00,1.000000000000000000e+00
1.300000000000000044e+00,1.819365493833911440e+00,1.531250000000000000e+00,4.187500000000000000e+00,1.000000000000000000e+00
1.400000000000000133e+00,1.823411712022618314e+00,1.531250000000000000e+00,4.187500000000000000e+00,1.000000000000000000e+00
1.500000000000000000e+00,1.824697465189400569e+00,1.562500000000000000e+00,4.218750000000000000e+00,1.000000000000000000e+00
1.600000000000000089e+00,1.823892264690130105e+00,1.531250000000000000e+00,4.218750000000000000e+00,1.000000000000000000e+00
1.700000000000000178e+00,1.816718958542823836e+00,1.531250000000000000e+00,4.250000000000000000e+00,1.000000000000000000e+00
1.800000000000000044e+00,1.815876074233269133e+00,1.531250000000000000e+00,4.250000000000000000e+00,1.000000000000000000e+00
1.900000000000000133e+00,1.821084601664501701e+00,1.531250000000000000e+00,4.250000000000000000e+00,1.000000000000000000e+00
2.000000000000000000e+00,1.822093908871845302e+00,1.562500000000000000e+00,4.156250000000000000e+00,1.000000000000000000e+00
2.100000000000000089e+00,1.835942133979086677e+00,1.562500000000000000e+00,4.187500000000000000e+00,1.000000000000000000e+00
2.200000000000000178e+00,1.840603395074539961e+00,1.531250000000000000e+00,4.218750000000000000e+00,1.000000000000000000e+00
2.300000000000000266e+00,1.819434928916831895e+00,1.531250000000000000e+00,4.250000000000000000e+00,1.000000000000000000e+00
2.400000000000000355e+00,1.820176384965713989e+00,1.562500000000000000e+00,4.281250000000000000e+00,1.000000000000000000e+00
2.500000000000000000e+00,1.830062325951193003e+00,1.562500000000000000e+00,4.281250000000000000e+00,1.000000000000000000e+00
2.600000000000000089e+00,1.832154665102207147e+00,1.531250000000000000e+00,4.218750000000000000e+00,1.000000000000000000e+00
2.700000000000000178e+00,1.803476365496237577e+00,1.531250000000000000e+00,4.218750000000000000e+00,1.000000000000000000e+00
2.800000000000000266e+00,1.790171765981171115e+00,1.531250000000000000e+00,4.218750000000000000e+00,1.000000000000000000e+00
2.900000000000000355e+00,1.785131900657926929e+00,1.531250000000000000e+00,4.218750000000000000e+00,1.000000000000000000e+00
3.000000000000000000e+00,1.796455155565344519e+00,1.531250000000000000e+00,4.218750000000000000e+00,1.000000000000000000e+00
3.100000000000000089e+00,1.816981470227962525e+00,1.531250000000000000e+00,4.250000000000000000e+00,1.000000000000000000e+00
3.200000000000000178e+00,1.824174866827865671e+00,1.531250000000000000e+00,4.250000000000000000e+00,1.000000000000000000e+00
3.300000000000000266e+00,1.815171453965595205e+00,1.531250000000000000e+00,4.218750000000000000e+00,1.000000000000000000e+00
3.400000000000000355e+00,1.805626736822779632e+00,1.531250000000000000e+00,4.218750000000000000e+00,1.000000000000000000e+00
3.500000000000000000e+00,1.791468056159773337e+00,1.531250000000000000e+00,4.218750000000000000e+00,1.000000000000000000e+00
3.600000000000000089e+00,1.800913990993569636e+00,1.531250000000000000e+00,4.281250000000000000e+00,1.000000000000000000e+00
3.700000000000000178e+00,1.814202748380822294e+00,1.531250000000000000e+00,4.218750000000000000e+00,1.000000000000000000e+00
3.800000000000000266e+00,1.811313277078977491e+00,1.562500000000000000e+00,4.250000000000000000e+00,1.000000000000000000e+00
3.900000000000000355e+00,1.796763003367498390e+00,1.531250000000000000e+00,4.250000000000000000e+00,1.000000000000000000e+00
4.000000000000000000e+00,1.795129234217458958e+00,1.531250000000000000e+00,4.281250000000000000e+00,1.000000000000000000e+00
4.100000000000000533e+00,1.796302540377321622e+00,1.531250000000000000e+00,4.250000000000000000e+00,1.000000000000000000e+00
4.200000000000000178e+00,1.815525902362992383e+00,1.531250000000000000e+00,4.281250000000000000e+00,1.000000000000000000e+00
4.299999999999999822e+00,1.813449845691026407e+00,1.500000000000000000e+00,4.250000000000000000e+00,1.000000000000000000e+00
4.400000000000000355e+00,1.824237436116024735e+00,1.531250000000000000e+00,4.250000000000000000e+00,1.000000000000000000e+00
4.500000000000000000e+00,1.848213757545567493e+00,1.531250000000000000e+00,4.312500000000000000e+00,1.000000000000000000e+00
4.600000000000000533e+00,1.862606391163678543e+00,1.531250000000000000e+00,4.250000000000000000e+00,1.000000000000000000e+00
4.700000000000000178e+00,1.883305715247017620e+00,1.531250000000000000e+00,4.218750000000000000e+00,1.000000000000000000e+00
4.800000000000000711e+00,1.897537834687921920e+00,1.531250000000000000e+00,4.250000000000000000e+00,1.000000000000000000e+00
4.900000000000000355e+00,1.900209083135935728e+00,1.500000000000000000e+00,4.250000000000000000e+00,1.000000000000000000e+00
5.000000000000000000e+00,1.889269468105589933e+00,1.500000000000000000e+00,4.281250000000000000e+00,1.000000000000000000e+00
5.100000000000000533e+00,1.852484003458267692e+00,1.500000000000000000e+00,4.281250000000000000e+00,1.000000000000000000e+00
5.200000000000000178e+00,1.815245443849768048e+00,1.500000000000000000e+00,4.281250000000000000e+00,1.000000000000000000e+00
5.300000000000000711e+00,1.812812611383967321e+00,1.500000000000000000e+00,4.250000000000000000e+00,1.000000000000000000e+00
5.400000000000000355e+00,1.840511981482155335e+00,1.531250000000000000e+00,4.281250000000000000e+00,1.000000000000000000e+00
5.500000000000000000e+00,1.856850008420330767e+00,1.500000000000000000e+00,4.250000000000000000e+00,1.000000000000000000e+00
5.600000000000000533e+00,1.863623311179553710e+00,1.500000000000000000e+00,4.250000000000000000e+00,1.000000000000000000e+00
5.700000000000000178e+00,1.851130644530771141e+00,1.531250000000000000e+00,4.281250000000000000e+00,1.000000000000000000e+00
5.800000000000000711e+00,1.825440032698076198e+00,1.531250000000000000e+00,4.250000000000000000e+00,1.000000000000000000e+00
5.900000000000000355e+00,1.804543078947221213e+00,1.562500000000000000e+00,4.250000000000000000e+00,1.000000000000000000e+00
6.000000000000000000e+00,1.816801079592859081e+00,1.562500000000000000e+00,4.250000000000000000e+00,1.000000000000000000e+00
6.100000000000000533e+00,1.811724270272299986e+00,1.562500000000000000e+00,4.218750000000000000e+00,1.000000000000000000e+00
6.200000000000000178e+00,1.814963585129324652e+00,1.531250000000000000e+00,4.218750000000000000e+00,1.000000000000000000e+00
6.300000000000000711e+00,1.809020236109709412e+00,1.531250000000000000e+00,4.218750000000000000e+00,1.000000000000000000e+00
6.400000000000000355e+00,1.798657140936950949e+00,1.531250000000000000e+00,4.218750000000000000e+00,1.000000000000000000e+00
6.500000000000000000e+00,1.801075599455022269e+00,1.531250000000000000e+00,4.218750000000000000e+00,1.000000000000000000e+00
6.600000000000000533e+00,1.808867322554596813e+00,1.531250000000000000e+00,4.250000000000000000e+00,1.000000000000000000e+00
6.700000000000000178e+00,1.802119344507341570e+00,1.531250000000000000e+00,4.281250000000000000e+00,1.000000000000000000e+00
6.800000000000000711e+00,1.806446261155297384e+00,1.531250000000000000e+00,4.218750000000000000e+00,1.000000000000000000e+00
6.900000000000000355e+00,1.834571949179463202e+00,1.531250000000000000e+00,4.250000000000000000e+00,1.000000000000000000e+00
7.000000000000000000e+00,1.841091220082321955e+00,1.562500000000000000e+00,4.187500000000000000e+00,1.000000000000000000e+00
7.100000000000000533e+00,1.844806081689035260e+00,1.562500000000000000e+00,4.250000000000000000e+00,1.000000000000000000e+00
7.200000000000000178e+00,1.857695499705119158e+00,1.562500000000000000e+00,4.250000000000000000e+00,1.000000000000000000e+00
7.300000000000000711e+00,1.871249750588754868e+00,1.562500000000000000e+00,4.281250000000000000e+00,1.000000000000000000e+00
7.400000000000000355e+00,1.871396415479674946e+00,1.562500000000000000e+00,4.312500000000000000e+00,1.000000000000000000e+00
7.500000000000000000e+00,1.865483043836647647e+00,1.500000000000000000e+00,4.343750000000000000e+00,1.000000000000000000e+00
7.600000000000000533e+00,1.860360470420318713e+00,1.531250000000000000e+00,4.281250000000000000e+00,1.000000000000000000e+00
7.700000000000000178e+00,1.837070375845904158e+00,1.562500000000000000e+00,4.281250000000000000e+00,1.000000000000000000e+00
7.800000000000000711e+00,1.819834312981736479e+00,1.562500000000000000e+00,4.218750000000000000e+00,1.000000000000000000e+00
7.900000000000000355e+00,1.802367634208960956e+00,1.531250000000000000e+00,4.218750000000000000e+00,1.000000000000000000e+00
8.000000000000000000e+00,1.803987776260425724e+00,1.531250000000000000e+00,4.187500000000000000e+00,1.000000000000000000e+00
8.099999999999999645e+00,1.826825462387211552e+00,1.531250000000000000e+00,4.187500000000000000e+00,1.000000000000000000e+00
8.200000000000001066e+00,1.822984341502233763e+00,1.531250000000000000e+00,4.218750000000000000e+00,1.000000000000000000e+00
8.300000000000000711e+00,1.802890392978632628e+00,1.531250000000000000e+00,4.250000000000000000e+00,1.000000000000000000e+00
8.400000000000000355e+00,1.798451599511807553e+00,1.531250000000000000e+00,4.281250000000000000e+00,1.000000000000000000e+00
8.500000000000000000e+00,1.821631018017845438e+00,1.531250000000000000e+00,4.250000000000000000e+00,1.000000000000000000e+00
8.599999999999999645e+00,1.827889069404931677e+00,1.531250000000000000e+00,4.250000000000000000e+00,1.000000000000000000e+00
8.700000000000001066e+00,1.832013031708486839e+00,1.531250000000000000e+00,4.250000000000000000e+00,1.000000000000000000e+00
8.800000000000000711e+00,1.838795841914249829e+00,1.531250000000000000e+00,4.250000000000000000e+00,1.000000000000000000e+00
8.900000000000000355e+00,1.848537729082819325e+00,1.531250000000000000e+00,4.218750000000000000e+00,1.000000000000000000e+00
9.000000000000000000e+00,1.861297159419204039e+00,1.531250000000000000e+00,4.250000000000000000e+00,1.000000000000000000e+00
9.099999999999999645e+00,1.861869581911679949e+00,1.531250000000000000e+00,4.218750000000000000e+00,1.000000000000000000e+00
9.200000000000001066e+00,1.832022054527062460e+00,1.531250000000000000e+00,4.218750000000000000e+00,1.000000000000000000e+00
9.300000000000000711e+00,1.804581379049809753e+00,1.531250000000000000e+00,4.250000000000000000e+00,1.000000000000000000e+00
9.400000000000000355e+00,1.786445388583862703e+00,1.531250000000000000e+00,4.218750000000000000e+00,1.000000000000000000e+00
9.500000000000000000e+00,1.797559710394466936e+00,1.531250000000000000e+00,4.281250000000000000e+00,1.000000000000000000e+00
9.600000000000001421e+00,1.811236101971755108e+00,1.531250000000000000e+00,4.281250000000000000e+00,1.000000000000000000e+00
9.700000000000001066e+00,1.782207729880165292e+00,1.562500000000000000e+00,4.250000000000000000e+00,1.000000000000000000e+00
9.800000000000000711e+00,1.752338252696390652e+00,1.531250000000000000e+00,4.250000000000000000e+00,1.000000000000000000e+00
9.900000000000000355e+00,1.747024982764819656e+00,1.531250000000000000e+00,4.250000000000000000e+00,1.000000000000000000e+00
1.000000000000000000e+01,1.756418114916557416e+00,1.531250000000000000e+00,4.218750000000000000e+00,1.000000000000000000e+00
1.010000000000000142e+01,1.750825809471876715e+00,1.531250000000000000e+00,4.187500000000000000e+00,1.000000000000000000e+00
1.020000000000000107e+01,1.759180003099871881e+00,1.531250000000000000e+00,4.218750000000000000e+00,1.000000000000000000e+00
1.030000000000000071e+01,1.780987670858196203e+00,1.531250000000000000e+00,4.250000000000000000e+00,1.000000000000000000e+00
1.040000000000000036e+01,1.817459341121273830e+00,1.531250000000000000e+00,4.281250000000000000e+00,1.000000000000000000e+00
1.050000000000000000e+01,1.825195123895533733e+00,1.531250000000000000e+00,4.250000000000000000e+00,1.000000000000000000e+00
1.060000000000000142e+01,1.816106583281062559e+00,1.562500000000000000e+00,4.250000000000000000e+00,1.000000000000000000e+00
1.070000000000000107e+01,1.808757256982979067e+00,1.562500000000000000e+00,4.250000000000000000e+00,1.000000000000000000e+00
1.080000000000000071e+01,1.801969073571871416e+00,1.562500000000000000e+00,4.281250000000000000e+00,1.000000000000000000e+00
1.090000000000000036e+01,1.789925288370125323e+00,1.562500000000000000e+00,4.281250000000000000e+00,1.000000000000000000e+00
1.100000000000000000e+01,1.791586013209439443e+00,1.562500000000000000e+00,4.281250000000000000e+00,1.000000000000000000e+00
1.110000000000000142e+01,1.784322813304767053e+00,1.562500000000000000e+00,4.250000000000000000e+00,1.000000000000000000e+00
1.120000000000000107e+01,1.770480566606292161e+00,1.531250000000000000e+00,4.250000000000000000e+00,1.000000000000000000e+00
1.130000000000000071e+01,1.768190266387675180e+00,1.500000000000000000e+00,4.250000000000000000e+00,1.000000000000000000e+00
1.140000000000000036e+01,1.764283392787980409e+00,1.500000000000000000e+00,4.218750000000000000e+00,1.000000000000000000e+00
1.150000000000000000e+01,1.774554973370582545e+00,1.500000000000000000e+00,4.187500000000000000e+00,1.000000000000000000e+00
1.160000000000000142e+01,1.787748330474873137e+00,1.500000000000000000e+00,4.250000000000000000e+00,1.000000000000000000e+00
1.170000000000000107e+01,1.800839942353838374e+00,1.500000000000000000e+00,4.250000000000000000e+00,1.000000000000000000e+00
1.180000000000000071e+01,1.797552376287824716e+00,1.500000000000000000e+00,4.218750000000000000e+00,1.000000000000000000e+00
1.190000000000000036e+01,1.749348940261705732e+00,1.500000000000000000e+00,4.187500000000000000e+00,1.000000000000000000e+00
1.200000000000000000e+01,1.707540710647308835e+00,1.500000000000000000e+00,4.218750000000000000e+00,1.000000000000000000e+00
1.210000000000000142e+01,1.709927246356534258e+00,1.500000000000000000e+00,4.218750000000000000e+00,1.000000000000000000e+00
1.220000000000000107e+01,1.728112346167192115e+00,1.531250000000000000e+00,4.218750000000000000e+00,1.000000000000000000e+00
1.230000000000000071e+01,1.745374588018379303e+00,1.531250000000000000e+00,4.250000000000000000e+00,1.000000000000000000e+00
1.240000000000000036e+01,1.764336449965084652e+00,1.531250000000000000e+00,4.218750000000000000e+00,1.000000000000000000e+00
1.250000000000000000e+01,1.786608395975943342e+00,1.531250000000000000e+00,4.218750000000000000e+00,1.000000000000000000e+00
1.260000000000000142e+01,1.789657426045246691e+00,1.531250000000000000e+00,4.218750000000000000e+00,1.000000000000000000e+00
1.270000000000000107e+01,1.784080308471567733e+00,1.531250000000000000e+00,4.281250000000000000e+00,1.000000000000000000e+00
1.280000000000000071e+01,1.760476301419660938e+00,1.531250000000000000e+00,4.281250000000000000e+00,1.000000000000000000e+00
1.290000000000000036e+01,1.754583272312061792e+00,1.500000000000000000e+00,4.250000000000000000e+00,1.000000000000000000e+00
1.300000000000000000e+01,1.765956487562795107e+00,1.500000000000000000e+00,4.250000000000000000e+00,1.000000000000000000e+00
1.310000000000000142e+01,1.770649746699608063e+00,1.500000000000000000e+00,4.250000000000000000e+00,1.000000000000000000e+00
1.320000000000000107e+01,1.772495935247547116e+00,1.500000000000000000e+00,4.250000000000000000e+00,1.000000000000000000e+00
1.330000000000000071e+01,1.807923168819007831e+00,1.531250000000000000e+00,4.250000000000000000e+00,1.000000000000000000e+00
1.340000000000000036e+01,1.834996433342622524e+00,1.500000000000000000e+00,4.250000000000000000e+00,1.000000000000000000e+00
1.350000000000000000e+01,1.821916363561903118e+00,1.500000000000000000e+00,4.187500000000000000e+00,1.000000000000000000e+00
1.360000000000000142e+01,1.817606710583967278e+00,1.500000000000000000e+00,4.218750000000000000e+00,1.000000000000000000e+00
1.370000000000000107e+01,1.824180355767180961e+00,1.531250000000000000e+00,4.218750000000000000e+00,1.000000000000000000e+00
1.380000000000000071e+01,1.846638939933315182e+00,1.500000000000000000e+00,4.187500000000000000e+00,1.000000000000000000e+00
1.390000000000000036e+01,1.857071665483280176e+00,1.500000000000000000e+00,4.250000000000000000e+00,1.000000000000000000e+00
1.400000000000000000e+01,1.845390005811047507e+00,1.500000000000000000e+00,4.281250000000000000e+00,1.000000000000000000e+00
1.410000000000000142e+01,1.837544953576777607e+00,1.500000000000000000e+00,4.281250000000000000e+00,1.000000000000000000e+00
1.420000000000000107e+01,1.830598147077742599e+00,1.500000000000000000e+00,4.281250000000000000e+00,1.000000000000000000e+00
1.430000000000000071e+01,1.819481515286526685e+00,1.500000000000000000e+00,4.312500000000000000e+00,1.000000000000000000e+00
1.440000000000000036e+01,1.829668366896609388e+00,1.531250000000000000e+00,4.312500000000000000e+00,1.000000000000000000e+00
1.450000000000000000e+01,1.844076352822435094e+00,1.500000000000000000e+00,4.312500000000000000e+00,1.000000000000000000e+00
1.460000000000000142e+01,1.840307469614959945e+00,1.500000000000000000e+00,4.281250000000000000e+00,1.000000000000000000e+00
1.470000000000000107e+01,1.835021161000939038e+00,1.500000000000000000e+00,4.281250000000000000e+00,1.000000000000000000e+00
1.480000000000000071e+01,1.822378396237004372e+00,1.500000000000000000e+00,4.250000000000000000e+00,1.000000000000000000e+00
1.490000000000000036e+01,1.822276060244350626e+00,1.500000000000000000e+00,4.281250000000000000e+00,1.000000000000000000e+00
1.500000000000000000e+01,1.839993536014573161e+00,1.500000000000000000e+00,4.218750000000000000e+00,1.000000000000000000e+00
1.510000000000000142e+01,1.832938394402616744e+00,1.500000000000000000e+00,4.312500000000000000e+00,1.000000000000000000e+00
1.520000000000000107e+01,1.837918163729329146e+00,1.500000000000000000e+00,4.250000000000000000e+00,1.000000000000000000e+00
1.530000000000000071e+01,1.845207327173572942e+00,1.500000000000000000e+00,4.281250000000000000e+00,1.000000000000000000e+00
1.540000000000000036e+01,1.847038285358134413e+00,1.531250000000000000e+00,4.281250000000000000e+00,1.000000000000000000e+00
1.550000000000000000e+01,1.838349438691875504e+00,1.468750000000000000e+00,4.281250000000000000e+00,1.000000000000000000e+00
1.560000000000000142e+01,1.838658137106978563e+00,1.500000000000000000e+00,4.250000000000000000e+00,1.000000000000000000e+00
1.570000000000000107e+01,1.833730848132904212e+00,1.500000000000000000e+00,4.250000000000000000e+00,1.000000000000000000e+00
1.580000000000000071e+01,1.820417312845700852e+00,1.500000000000000000e+00,4.281250000000000000e+00,1.000000000000000000e+00
1.590000000000000036e+01,1.827549820771617206e+00,1.500000000000000000e+00,4.250000000000000000e+00,1.000000000000000000e+00
1.600000000000000000e+01,1.836051080059961427e+00,1.531250000000000000e+00,4.281250000000000000e+00,1.000000000000000000e+00
1.610000000000000142e+01,1.862251957611675612e+00,1.531250000000000000e+00,4.312500000000000000e+00,1.000000000000000000e+00
1.619999999999999929e+01,1.876208890436054988e+00,1.500000000000000000e+00,4.281250000000000000e+00,1.000000000000000000e+00
1.630000000000000071e+01,1.883740347587278929e+00,1.500000000000000000e+00,4.343750000000000000e+00,1.000000000000000000e+00
1.640000000000000213e+01,1.892624296640672998e+00,1.500000000000000000e+00,4.375000000000000000e+00,1.000000000000000000e+00
1.650000000000000000e+01,1.897693274709024047e+00,1.531250000000000000e+00,4.312500000000000000e+00,1.000000000000000000e+00
1.660000000000000142e+01,1.873285979214172059e+00,1.500000000000000000e+00,4.343750000000000000e+00,1.000000000000000000e+00
1.669999999999999929e+01,1.859283809862098513e+00,1.500000000000000000e+00,4.187500000000000000e+00,1.000000000000000000e+00
1.680000000000000071e+01,1.848764828119088488e+00,1.500000000000000000e+00,4.250000000000000000e+00,1.000000000000000000e+00
1.690000000000000213e+01,1.821974578327788974e+00,1.531250000000000000e+00,4.281250000000000000e+00,1.000000000000000000e+00
1.700000000000000000e+01,1.797549632280504683e+00,1.500000000000000000e+00,4.312500000000000000e+00,1.000000000000000000e+00
1.710000000000000142e+01,1.807059757115076604e+00,1.500000000000000000e+00,4.312500000000000000e+00,1.000000000000000000e+00
1.719999999999999929e+01,1.847875531176974562e+00,1.531250000000000000e+00,4.218750000000000000e+00,1.000000000000000000e+00
1.730000000000000071e+01,1.830770989295830153e+00,1.531250000000000000e+00,4.281250000000000000e+00,1.000000000000000000e+00
1.740000000000000213e+01,1.813779811450346724e+00,1.500000000000000000e+00,4.250000000000000000e+00,1.000000000000000000e+00
1.750000000000000000e+01,1.824319065179555333e+00,1.531250000000000000e+00,4.281250000000000000e+00,1.000000000000000000e+00
1.760000000000000142e+01,1.851364074333017751e+00,1.531250000000000000e+00,4.312500000000000000e+00,1.000000000000000000e+00
1.769999999999999929e+01,1.843172204864279795e+00,1.531250000000000000e+00,4.250000000000000000e+00,1.000000000000000000e+00
1.780000000000000071e+01,1.811742004626460734e+00,1.531250000000000000e+00,4.218750000000000000e+00,1.000000000000000000e+00
1.790000000000000213e+01,1.794578765488457073e+00,1.531250000000000000e+00,4.250000000000000000e+00,1.000000000000000000e+00
1.800000000000000000e+01,1.810114072765063309e+00,1.531250000000000000e+00,4.281250000000000000e+00,1.000000000000000000e+00
1.810000000000000142e+01,1.818991207517913544e+00,1.531250000000000000e+00,4.281250000000000000e+00,1.000000000000000000e+00
1.819999999999999929e+01,1.819247941859935214e+00,1.500000000000000000e+00,4.281250000000000000e+00,1.000000000000000000e+00
1.830000000000000071e+01,1.822308144314019884e+00,1.500000000000000000e+00,4.281250000000000000e+00,1.000000000000000000e+00
1.840000000000000213e+01,1.828359247175586511e+00,1.500000000000000000e+00,4.281250000000000000e+00,1.000000000000000000e+00
1.850000000000000000e+01,1.841843471615463690e+00,1.500000000000000000e+00,4.281250000000000000e+00,1.000000000000000000e+00
1.860000000000000142e+01,1.843475491133917066e+00,1.500000000000000000e+00,4.281250000000000000e+00,1.000000000000000000e+00
1.869999999999999929e+01,1.870859076615251304e+00,1.500000000000000000e+00,4.281250000000000000e+00,1.000000000000000000e+00
1.880000000000000071e+01,1.884912175534615431e+00,1.500000000000000000e+00,4.281250000000000000e+00,1.000000000000000000e+00
1.890000000000000213e+01,1.878011056842876503e+00,1.500000000000000000e+00,4.312500000000000000e+00,1.000000000000000000e+00
1.900000000000000000e+01,1.875733542459213643e+00,1.531250000000000000e+00,4.250000000000000000e+00,1.000000000000000000e+00
1.910000000000000142e+01,1.871385383174313244e+00,1.531250000000000000e+00,4.281250000000000000e+00,1.000000000000000000e+00
1.920000000000000284e+01,1.855595942204377291e+00,1.531250000000000000e+00,4.281250000000000000e+00,1.000000000000000000e+00
1.930000000000000071e+01,1.843254465825815203e+00,1.531250000000000000e+00,4.218750000000000000e+00,1.000000000000000000e+00
1.940000000000000213e+01,1.803760493799870579e+00,1.531250000000000000e+00,4.250000000000000000e+00,1.000000000000000000e+00
1.950000000000000000e+01,1.756663328486269826e+00,1.531250000000000000e+00,4.281250000000000000e+00,1.000000000000000000e+00
1.960000000000000142e+01,1.747370009268433888e+00,1.562500000000000000e+00,4.250000000000000000e+00,1.000000000000000000e+00
1.970000000000000284e+01,1.775648029227409053e+00,1.531250000000000000e+00,4.218750000000000000e+00,1.000000000000000000e+00
1.980000000000000071e+01,1.814754873383386702e+00,1.531250000000000000e+00,4.187500000000000000e+00,1.000000000000000000e+00
1.990000000000000213e+01,1.818972391123902632e+00,1.500000000000000000e+00,4.218750000000000000e+00,1.000000000000000000e+00
2.000000000000000000e+01,1.817058331565694296e+00,1.500000000000000000e+00,4.218750000000000000e+00,1.000000000000000000e+00
