lag_ps,Li_MSD_A2
0.000000000000000000e+00,0.000000000000000000e+00
1.000000000000000056e-01,3.244668373443762022e-01
2.000000000000000111e-01,4.613156874495719650e-01
3.000000000000000444e-01,5.313993573209323529e-01
4.000000000000000222e-01,5.935597976638339324e-01
5.000000000000000000e-01,6.424802031868848129e-01
6.000000000000000888e-01,6.780024615747384242e-01
7.000000000000000666e-01,7.020207857677033259e-01
8.000000000000000444e-01,7.274816175795958406e-01
9.000000000000000222e-01,7.464252494670957638e-01
1.000000000000000000e+00,7.678294907380980305e-01
1.100000000000000089e+00,7.849729195437439300e-01
1.200000000000000178e+00,7.975638447783828244e-01
1.300000000000000044e+00,8.102673359332309699e-01
1.400000000000000133e+00,8.222747371307472797e-01
1.500000000000000000e+00,8.351201554185065934e-01
1.600000000000000089e+00,8.509751405821679437e-01
1.700000000000000178e+00,8.625526070230683517e-01
1.800000000000000044e+00,8.762262859336901188e-01
1.900000000000000133e+00,8.900246689712336678e-01
2.000000000000000000e+00,8.996090842876944826e-01
2.100000000000000089e+00,9.147811713832331160e-01
2.200000000000000178e+00,9.265459014022570106e-01
2.300000000000000266e+00,9.375844900013537986e-01
2.400000000000000355e+00,9.487841469082823886e-01
2.500000000000000000e+00,9.582528462588305596e-01
2.600000000000000089e+00,9.697533259396269312e-01
2.700000000000000178e+00,9.805132455538253522e-01
2.800000000000000266e+00,9.928265364634343282e-01
2.900000000000000355e+00,1.006925239544859796e+00
3.000000000000000000e+00,1.017278250408875317e+00
3.100000000000000089e+00,1.026647620596614630e+00
3.200000000000000178e+00,1.033460733762136208e+00
3.300000000000000266e+00,1.041337944710493124e+00
3.400000000000000355e+00,1.053526899332947853e+00
3.500000000000000000e+00,1.062487682117966070e+00
3.600000000000000089e+00,1.068381284435917955e+00
3.700000000000000178e+00,1.079201584676140913e+00
3.800000000000000266e+00,1.089042987798301665e+00
3.900000000000000355e+00,1.103027671756704908e+00
4.000000000000000000e+00,1.110930412360332964e+00
4.100000000000000533e+00,1.118611608735859297e+00
4.200000000000000178e+00,1.129648163372414249e+00
4.299999999999999822e+00,1.133661303314077218e+00
4.400000000000000355e+00,1.143038103159210950e+00
4.500000000000000000e+00,1.153120057769387641e+00
4.600000000000000533e+00,1.163905078070297083e+00
4.700000000000000178e+00,1.174785921448431969e+00
4.800000000000000711e+00,1.191727627278656110e+00
4.900000000000000355e+00,1.205368973909804797e+00
5.000000000000000000e+00,1.216729731026392258e+00
5.100000000000000533e+00,1.223960854590864011e+00
5.200000000000000178e+00,1.232108269392706790e+00
5.300000000000000711e+00,1.243442929851394485e+00
5.400000000000000355e+00,1.251661523878281113e+00
5.500000000000000000e+00,1.259139754751904983e+00
5.600000000000000533e+00,1.267441500447876512e+00
5.700000000000000178e+00,1.276322039123169327e+00
5.800000000000000711e+00,1.284425341180806868e+00
5.900000000000000355e+00,1.295296993754794235e+00
6.000000000000000000e+00,1.301982948488078051e+00
6.100000000000000533e+00,1.306154237587802136e+00
6.200000000000000178e+00,1.311281481167874352e+00
6.300000000000000711e+00,1.315986905785881289e+00
6.400000000000000355e+00,1.322246592061059101e+00
6.500000000000000000e+00,1.328260997876363980e+00
6.600000000000000533e+00,1.333784299740396362e+00
6.700000000000000178e+00,1.340660601881479508e+00
6.800000000000000711e+00,1.348070870691722378e+00
6.900000000000000355e+00,1.352459364100399242e+00
7.000000000000000000e+00,1.361811428452863959e+00
7.100000000000000533e+00,1.369207861611865029e+00
7.200000000000000178e+00,1.379173386882192043e+00
7.300000000000000711e+00,1.390984447428733173e+00
7.400000000000000355e+00,1.402575873525392369e+00
7.500000000000000000e+00,1.414114992501233070e+00
7.600000000000000533e+00,1.421744710110204091e+00
7.700000000000000178e+00,1.426503320942700714e+00
7.800000000000000711e+00,1.432066856479401240e+00
7.900000000000000355e+00,1.442956635917163277e+00
8.000000000000000000e+00,1.452099078086784179e+00
8.099999999999999645e+00,1.457011793407161360e+00
8.200000000000001066e+00,1.462023897664336269e+00
8.300000000000000711e+00,1.470132942027660539e+00
8.400000000000000355e+00,1.479098992139916247e+00
8.500000000000000000e+00,1.483312152271662576e+00
8.599999999999999645e+00,1.493274023461451439e+00
8.700000000000001066e+00,1.501026055035326712e+00
8.800000000000000711e+00,1.506874863170765577e+00
8.900000000000000355e+00,1.508667370330929236e+00
9.000000000000000000e+00,1.514893389097941689e+00
9.099999999999999645e+00,1.523095731110398754e+00
9.200000000000001066e+00,1.529108661097763333e+00
9.300000000000000711e+00,1.534294257779527992e+00
9.400000000000000355e+00,1.541884434367770451e+00
9.500000000000000000e+00,1.549177866076013599e+00
9.600000000000001421e+00,1.557114108061579794e+00
9.700000000000001066e+00,1.565528991371916145e+00
9.800000000000000711e+00,1.576018846029551446e+00
9.900000000000000355e+00,1.584094657813625906e+00
1.000000000000000000e+01,1.594781995324830115e+00
1.010000000000000142e+01,1.605791973754877811e+00
1.020000000000000107e+01,1.614962473268080512e+00
1.030000000000000071e+01,1.621773900780874911e+00
1.040000000000000036e+01,1.628628753333367207e+00
1.050000000000000000e+01,1.633020720703115769e+00
1.060000000000000142e+01,1.639259055327664916e+00
1.070000000000000107e+01,1.645772115858694651e+00
1.080000000000000071e+01,1.655651864192612344e+00
1.090000000000000036e+01,1.661112648136951586e+00
1.100000000000000000e+01,1.670838893134956926e+00
1.110000000000000142e+01,1.677195370247446471e+00
1.120000000000000107e+01,1.683118477718170469e+00
1.130000000000000071e+01,1.690854350364543901e+00
1.140000000000000036e+01,1.698416587738546424e+00
1.150000000000000000e+01,1.703984347059579463e+00
1.160000000000000142e+01,1.708957084850561969e+00
1.170000000000000107e+01,1.714070606439629385e+00
1.180000000000000071e+01,1.716829710125983066e+00
1.190000000000000036e+01,1.721875952480208749e+00
1.200000000000000000e+01,1.727790975201407564e+00
1.210000000000000142e+01,1.731702800952667598e+00
1.220000000000000107e+01,1.735219490404613651e+00
1.230000000000000071e+01,1.742839709762060485e+00
1.240000000000000036e+01,1.751952207837914388e+00
1.250000000000000000e+01,1.754735923852998924e+00
1.260000000000000142e+01,1.761986307876553637e+00
1.270000000000000107e+01,1.768888835978564167e+00
1.280000000000000071e+01,1.774647431963718436e+00
1.290000000000000036e+01,1.780238778939590372e+00
1.300000000000000000e+01,1.795220933667885044e+00
1.310000000000000142e+01,1.798106557819114437e+00
1.320000000000000107e+01,1.804269663832618997e+00
1.330000000000000071e+01,1.812768135186047180e+00
1.340000000000000036e+01,1.816499202455437390e+00
1.350000000000000000e+01,1.825089773591472175e+00
1.360000000000000142e+01,1.833518502216646473e+00
1.370000000000000107e+01,1.839385522371667969e+00
1.380000000000000071e+01,1.846489723939971128e+00
1.390000000000000036e+01,1.855778743370273709e+00
1.400000000000000000e+01,1.864352386066344014e+00
1.410000000000000142e+01,1.876208371578407474e+00
1.420000000000000107e+01,1.884810385089916052e+00
1.430000000000000071e+01,1.892345795202061920e+00
1.440000000000000036e+01,1.901805982110551518e+00
1.450000000000000000e+01,1.906911406599241188e+00
1.460000000000000142e+01,1.912128976372017064e+00
1.470000000000000107e+01,1.920585695096653112e+00
1.480000000000000071e+01,1.924848959765901313e+00
1.490000000000000036e+01,1.934611106318051332e+00
1.500000000000000000e+01,1.941896172687523014e+00
1.510000000000000142e+01,1.944294220447032151e+00
1.520000000000000107e+01,1.946617412983825179e+00
1.530000000000000071e+01,1.945670134602545343e+00
1.540000000000000036e+01,1.945887682392085649e+00
1.550000000000000000e+01,1.948102368600372225e+00
1.560000000000000142e+01,1.952981171294538631e+00
1.570000000000000107e+01,1.958901098546325326e+00
1.580000000000000071e+01,1.964147158239915480e+00
1.590000000000000036e+01,1.969448671788878169e+00
1.600000000000000000e+01,1.977826358171159926e+00
1.610000000000000142e+01,1.982411751625442697e+00
1.619999999999999929e+01,1.986679525316716655e+00
1.630000000000000071e+01,1.993836196166434149e+00
1.640000000000000213e+01,1.997960464552616999e+00
1.650000000000000000e+01,2.003475169663733624e+00
1.660000000000000142e+01,2.013824713239638076e+00
1.669999999999999929e+01,2.023792289587124316e+00
1.680000000000000071e+01,2.026481024408907317e+00
1.690000000000000213e+01,2.034769352120364250e+00
1.700000000000000000e+01,2.043475456860844197e+00
1.710000000000000142e+01,2.052081591075716638e+00
1.719999999999999929e+01,2.058960349698518044e+00
1.730000000000000071e+01,2.069060228903897514e+00
1.740000000000000213e+01,2.075183846507119956e+00
1.750000000000000000e+01,2.080273925489183995e+00
1.760000000000000142e+01,2.089553815198718745e+00
1.769999999999999929e+01,2.097261852538337301e+00
1.780000000000000071e+01,2.103592496174679027e+00
1.790000000000000213e+01,2.111463700210810313e+00
1.800000000000000000e+01,2.121335683920517301e+00
1.810000000000000142e+01,2.125992615012022302e+00
1.819999999999999929e+01,2.130481284605441950e+00
1.830000000000000071e+01,2.138583321093596723e+00
1.840000000000000213e+01,2.145981046103614176e+00
1.850000000000000000e+01,2.149001827044172863e+00
1.860000000000000142e+01,2.151080107361522220e+00
1.869999999999999929e+01,2.158378351282844054e+00
1.880000000000000071e+01,2.166014685833963505e+00
1.890000000000000213e+01,2.173088492525923066e+00
1.900000000000000000e+01,2.184439755827841889e+00
1.910000000000000142e+01,2.193075899519084881e+00
1.920000000000000284e+01,2.199446668298409513e+00
1.930000000000000071e+01,2.209168447514084033e+00
1.940000000000000213e+01,2.221649780354792991e+00
1.950000000000000000e+01,2.228027051196610042e+00
1.960000000000000142e+01,2.232091522934108507e+00
1.970000000000000284e+01,2.234773988873283823e+00
1.980000000000000071e+01,2.245034960606942409e+00
1.990000000000000213e+01,2.252825983630582396e+00
2.000000000000000000e+01,2.257110487868244864e+00
2.010000000000000142e+01,2.261927749343488614e+00
2.020000000000000284e+01,2.270049667767880752e+00
2.030000000000000071e+01,2.280721451683769274e+00
2.040000000000000213e+01,2.285262255746543403e+00
2.050000000000000000e+01,2.290514252598012668e+00
2.060000000000000142e+01,2.295733492400172882e+00
2.070000000000000284e+01,2.304698775182000947e+00
2.080000000000000071e+01,2.309658093475441376e+00
2.090000000000000213e+01,2.319333217717306272e+00
2.100000000000000000e+01,2.330239238314416816e+00
2.110000000000000142e+01,2.341014691471802411e+00
2.120000000000000284e+01,2.347391532779121714e+00
2.130000000000000071e+01,2.354770946414170840e+00
2.140000000000000213e+01,2.363161631228114512e+00
2.150000000000000000e+01,2.367276255253672801e+00
2.160000000000000142e+01,2.372391991065869288e+00
2.170000000000000284e+01,2.378988860009672468e+00
2.180000000000000071e+01,2.384058361557519490e+00
2.190000000000000213e+01,2.388302302225098650e+00
2.200000000000000000e+01,2.387915919198957404e+00
2.210000000000000142e+01,2.388093926462661276e+00
2.220000000000000284e+01,2.388999692138549236e+00
2.230000000000000071e+01,2.393576891043432298e+00
2.240000000000000213e+01,2.394493505234128072e+00
2.250000000000000000e+01,2.399557464853099287e+00
2.260000000000000142e+01,2.407343388453888178e+00
2.270000000000000284e+01,2.415846078414103815e+00
2.280000000000000071e+01,2.424794337074092976e+00
2.290000000000000213e+01,2.431766893589813794e+00
2.300000000000000000e+01,2.437831986351502778e+00
2.310000000000000142e+01,2.451089814084383978e+00
2.320000000000000284e+01,2.457297696367393147e+00
2.330000000000000071e+01,2.460182378450565199e+00
2.340000000000000213e+01,2.467823813281374790e+00
2.350000000000000000e+01,2.470941789184568194e+00
2.360000000000000142e+01,2.474537665993246982e+00
2.370000000000000284e+01,2.482216939728739913e+00
2.380000000000000071e+01,2.492164081712950896e+00
2.390000000000000213e+01,2.504895720725557773e+00
2.400000000000000000e+01,2.513144427591419650e+00
2.410000000000000142e+01,2.520275846530135144e+00
2.420000000000000284e+01,2.522353311037204726e+00
2.430000000000000071e+01,2.530746358917033145e+00
2.440000000000000213e+01,2.535871910439775778e+00
2.450000000000000000e+01,2.540542774320830421e+00
2.460000000000000142e+01,2.545403915408857021e+00
2.470000000000000284e+01,2.549582578434191227e+00
2.480000000000000071e+01,2.556877396205116337e+00
2.490000000000000213e+01,2.557203377560575586e+00
2.500000000000000000e+01,2.565907928349413947e+00
2.510000000000000142e+01,2.571760441686375742e+00
2.520000000000000284e+01,2.581756684960806680e+00
2.530000000000000071e+01,2.587207469945129734e+00
2.540000000000000213e+01,2.596970621558922776e+00
2.550000000000000000e+01,2.606194517289306845e+00
2.560000000000000142e+01,2.613221669358043009e+00
2.570000000000000284e+01,2.623039269388703687e+00
2.580000000000000071e+01,2.634089551527157624e+00
2.590000000000000213e+01,2.640349869658010551e+00
2.600000000000000000e+01,2.645526333679613096e+00
2.610000000000000142e+01,2.652956210047275221e+00
2.620000000000000284e+01,2.660307041074381207e+00
2.630000000000000071e+01,2.667725664951841047e+00
2.640000000000000213e+01,2.676070065063822057e+00
2.650000000000000000e+01,2.683053849131483926e+00
2.660000000000000142e+01,2.690156042144027815e+00
2.670000000000000284e+01,2.695025972792072011e+00
2.680000000000000071e+01,2.699529218416270027e+00
2.690000000000000213e+01,2.705322804126264913e+00
2.700000000000000000e+01,2.711796630848551715e+00
2.710000000000000142e+01,2.719658101008070261e+00
2.720000000000000284e+01,2.729522999580070497e+00
2.730000000000000071e+01,2.736828499668675363e+00
2.740000000000000213e+01,2.745537306530502875e+00
2.750000000000000000e+01,2.754218806469856506e+00
2.760000000000000142e+01,2.756067845540638217e+00
2.770000000000000284e+01,2.762257638569559859e+00
2.780000000000000071e+01,2.765960589435973560e+00
2.790000000000000213e+01,2.773469637022319301e+00
2.800000000000000000e+01,2.786773458262588044e+00
2.810000000000000142e+01,2.800521160337831272e+00
2.820000000000000284e+01,2.807493132830515048e+00
2.830000000000000071e+01,2.811689042514299963e+00
2.840000000000000213e+01,2.821266202246531130e+00
2.850000000000000000e+01,2.824555092007111856e+00
2.860000000000000142e+01,2.828283093956132532e+00
2.870000000000000284e+01,2.830140877854856907e+00
2.880000000000000071e+01,2.834896873882340351e+00
2.890000000000000213e+01,2.840456879914837973e+00
2.900000000000000000e+01,2.843744866915404401e+00
2.910000000000000142e+01,2.853601880321220641e+00
2.920000000000000284e+01,2.859741667089161776e+00
2.930000000000000071e+01,2.861836801816664000e+00
2.940000000000000213e+01,2.868033377553044438e+00
2.950000000000000000e+01,2.874983134099282633e+00
2.960000000000000142e+01,2.874623928483557300e+00
2.970000000000000284e+01,2.874746317967356024e+00
2.980000000000000071e+01,2.878772748733195108e+00
2.990000000000000213e+01,2.884026729435086089e+00
3.000000000000000000e+01,2.891722548559187533e+00
3.010000000000000142e+01,2.899904323899762826e+00
3.020000000000000284e+01,2.904025539590259886e+00
3.030000000000000071e+01,2.904665214740496548e+00
3.040000000000000213e+01,2.903549692517704450e+00
3.050000000000000000e+01,2.897646241064778305e+00
3.060000000000000142e+01,2.899905246124734326e+00
3.070000000000000284e+01,2.898561737560118257e+00
3.080000000000000071e+01,2.897071461520382307e+00
3.090000000000000213e+01,2.896919491390342216e+00
3.100000000000000000e+01,2.899722407346670749e+00
3.110000000000000142e+01,2.903548248509851160e+00
3.120000000000000284e+01,2.908777435572039938e+00
3.130000000000000071e+01,2.916591857920252551e+00
3.140000000000000213e+01,2.919078169840178649e+00
3.150000000000000000e+01,2.925915119327382019e+00
3.160000000000000142e+01,2.930580150980864218e+00
3.170000000000000284e+01,2.935519885233769166e+00
3.180000000000000071e+01,2.933622446492214042e+00
3.190000000000000213e+01,2.935503119400888927e+00
3.200000000000000000e+01,2.938981215508476463e+00
3.210000000000000142e+01,2.940665738302384202e+00
3.220000000000000284e+01,2.941943829697534429e+00
3.230000000000000426e+01,2.947619273407359408e+00
3.239999999999999858e+01,2.949167465678149469e+00
3.250000000000000000e+01,2.958808398764742442e+00
3.260000000000000142e+01,2.966012492847350135e+00
3.270000000000000284e+01,2.971789744656188947e+00
3.280000000000000426e+01,2.974168162251120684e+00
3.289999999999999858e+01,2.982165435557105670e+00
3.300000000000000000e+01,2.991143467168387193e+00
3.310000000000000142e+01,2.995423301941168681e+00
3.320000000000000284e+01,3.000916606520528163e+00
3.330000000000000426e+01,3.007422053075611501e+00
3.339999999999999858e+01,3.015610409842080397e+00
3.350000000000000000e+01,3.023548642939168918e+00
3.360000000000000142e+01,3.030691590359211762e+00
3.370000000000000284e+01,3.034546669411654740e+00
3.380000000000000426e+01,3.036113586421515187e+00
3.389999999999999858e+01,3.042321606194160477e+00
3.400000000000000000e+01,3.045994226010158457e+00
3.410000000000000142e+01,3.048708198152401572e+00
3.420000000000000284e+01,3.053718109901237376e+00
3.430000000000000426e+01,3.061391267512554304e+00
3.439999999999999858e+01,3.073506162349238124e+00
3.450000000000000000e+01,3.081483906460567024e+00
3.460000000000000142e+01,3.091393929319879330e+00
3.470000000000000284e+01,3.097128326184162450e+00
3.480000000000000426e+01,3.105015091213578327e+00
3.489999999999999858e+01,3.110592416301214858e+00
3.500000000000000000e+01,3.114810321960278738e+00
3.510000000000000142e+01,3.120555990815919056e+00
3.520000000000000284e+01,3.128977350372321720e+00
3.530000000000000426e+01,3.136455992071672583e+00
3.539999999999999858e+01,3.141025556012504882e+00
3.550000000000000000e+01,3.145578263293289378e+00
3.560000000000000142e+01,3.154093754747846479e+00
3.570000000000000284e+01,3.164344185104783325e+00
3.580000000000000426e+01,3.175255230739607359e+00
3.589999999999999858e+01,3.183754003772491625e+00
3.600000000000000000e+01,3.187843514023959379e+00
3.610000000000000142e+01,3.193346727059807932e+00
3.620000000000000284e+01,3.198934524187362349e+00
3.630000000000000426e+01,3.208845385686151630e+00
3.639999999999999858e+01,3.219258912143135198e+00
3.650000000000000000e+01,3.226628879459715549e+00
3.660000000000000142e+01,3.234309635095228508e+00
3.670000000000000284e+01,3.240193436704750241e+00
3.680000000000000426e+01,3.249976129370847566e+00
3.689999999999999858e+01,3.251335344055126253e+00
3.700000000000000000e+01,3.258183763832566804e+00
3.710000000000000142e+01,3.259029682782346171e+00
3.720000000000000284e+01,3.262297956323080506e+00
3.730000000000000426e+01,3.263492050396859856e+00
3.739999999999999858e+01,3.264952119929681373e+00
3.750000000000000000e+01,3.264919261379751081e+00
3.760000000000000142e+01,3.264750420330015057e+00
3.770000000000000284e+01,3.273630393241613312e+00
3.780000000000000426e+01,3.282188453860856114e+00
3.789999999999999858e+01,3.287128883539704116e+00
3.800000000000000000e+01,3.292826440786848607e+00
3.810000000000000142e+01,3.298439954765052029e+00
3.820000000000000284e+01,3.301765322659754087e+00
3.830000000000000426e+01,3.308896127335251958e+00
3.840000000000000568e+01,3.313238152098301192e+00
3.850000000000000000e+01,3.319614612380385577e+00
3.860000000000000142e+01,3.324588548119719267e+00
3.870000000000000284e+01,3.325977543578700679e+00
3.880000000000000426e+01,3.330173859127006697e+00
3.890000000000000568e+01,3.338392541894547261e+00
3.900000000000000000e+01,3.344344279661480179e+00
3.910000000000000142e+01,3.353040630160995406e+00
3.920000000000000284e+01,3.361166210218372363e+00
3.930000000000000426e+01,3.369147364298397562e+00
3.940000000000000568e+01,3.377783848699312585e+00
3.950000000000000000e+01,3.386691014761989305e+00
3.960000000000000142e+01,3.393570897553691790e+00
3.970000000000000284e+01,3.400905071824400050e+00
3.980000000000000426e+01,3.409353411657621180e+00
3.990000000000000568e+01,3.413870800489509971e+00
4.000000000000000000e+01,3.419485757445158924e+00
4.010000000000000142e+01,3.419602854433142269e+00
4.020000000000000284e+01,3.425248387280928952e+00
4.030000000000000426e+01,3.434385646667662328e+00
4.040000000000000568e+01,3.443449197600235490e+00
4.050000000000000000e+01,3.444967141322528903e+00
4.060000000000000142e+01,3.448737767915024399e+00
4.070000000000000284e+01,3.458667688806114082e+00
4.080000000000000426e+01,3.463022521212578919e+00
4.090000000000000568e+01,3.473412391036001523e+00
4.100000000000000000e+01,3.479845937619030938e+00
4.110000000000000142e+01,3.489846526528273873e+00
4.120000000000000284e+01,3.492778604724746661e+00
4.130000000000000426e+01,3.497714053839166226e+00
4.140000000000000568e+01,3.505357359748461743e+00
4.150000000000000000e+01,3.507639258346774813e+00
4.160000000000000142e+01,3.509343197611924481e+00
4.170000000000000284e+01,3.511702142634050894e+00
4.180000000000000426e+01,3.520530804777961986e+00
4.190000000000000568e+01,3.524106374588986235e+00
4.200000000000000000e+01,3.526703633252541881e+00
4.210000000000000142e+01,3.534111538791293583e+00
4.220000000000000284e+01,3.538718304898321065e+00
4.230000000000000426e+01,3.546132475950865448e+00
4.240000000000000568e+01,3.549621211397509413e+00
4.250000000000000000e+01,3.553026703274206000e+00
4.260000000000000142e+01,3.557385574956693386e+00
4.270000000000000284e+01,3.564069653057081233e+00
4.280000000000000426e+01,3.570445317878216507e+00
4.290000000000000568e+01,3.568193939136893533e+00
4.300000000000000000e+01,3.566621508451266021e+00
4.310000000000000142e+01,3.564943688458684701e+00
4.320000000000000284e+01,3.568584565021474919e+00
4.330000000000000426e+01,3.572499425071213430e+00
4.340000000000000568e+01,3.577208977162697146e+00
4.350000000000000000e+01,3.584913599202762313e+00
4.360000000000000142e+01,3.593424693996171815e+00
4.370000000000000284e+01,3.606432414917227103e+00
4.380000000000000426e+01,3.615041175889281533e+00
4.390000000000000568e+01,3.621802860290385340e+00
4.400000000000000000e+01,3.629716151277599945e+00
4.410000000000000142e+01,3.633526644525391980e+00
4.420000000000000284e+01,3.638991293736903554e+00
4.430000000000000426e+01,3.643818357357630155e+00
4.440000000000000568e+01,3.650747842137960664e+00
4.450000000000000000e+01,3.658075508043676205e+00
4.460000000000000142e+01,3.659523526875505972e+00
4.470000000000000284e+01,3.671469579776979408e+00
4.480000000000000426e+01,3.680341046245273695e+00
4.490000000000000568e+01,3.684563378708748171e+00
4.500000000000000000e+01,3.685535904542263097e+00
4.510000000000000142e+01,3.691648400348419568e+00
4.520000000000000284e+01,3.701254543014559140e+00
4.530000000000000426e+01,3.712467716605397872e+00
4.540000000000000568e+01,3.714967342277028628e+00
4.550000000000000000e+01,3.716965537060653801e+00
4.560000000000000142e+01,3.717496679032100459e+00
4.570000000000000284e+01,3.722517585446464938e+00
4.580000000000000426e+01,3.729119197062903179e+00
4.590000000000000568e+01,3.731953278049075617e+00
4.600000000000000000e+01,3.733889238720402126e+00
4.610000000000000142e+01,3.737735597218966088e+00
4.620000000000000284e+01,3.741349722670647804e+00
4.630000000000000426e+01,3.748504226883348167e+00
4.640000000000000568e+01,3.752802038898913839e+00
4.650000000000000000e+01,3.757594692729417929e+00
4.660000000000000142e+01,3.758994388557020283e+00
4.670000000000000284e+01,3.762278883932854701e+00
4.680000000000000426e+01,3.767073227315739459e+00
4.690000000000000568e+01,3.770076224275284549e+00
4.700000000000000000e+01,3.774244179367181040e+00
4.710000000000000142e+01,3.772603153027760392e+00
4.720000000000000284e+01,3.774147098551727808e+00
4.730000000000000426e+01,3.779241637245829732e+00
4.740000000000000568e+01,3.780398289837565429e+00
4.750000000000000000e+01,3.787427758560395041e+00
4.760000000000000142e+01,3.796591492471780072e+00
4.770000000000000284e+01,3.798117457098879157e+00
4.780000000000000426e+01,3.796881946633563931e+00
4.790000000000000568e+01,3.797987080976971797e+00
4.800000000000000000e+01,3.801329276625662779e+00
4.810000000000000142e+01,3.805945135819403635e+00
4.820000000000000284e+01,3.809081914920560141e+00
4.830000000000000426e+01,3.809785312402466761e+00
4.840000000000000568e+01,3.807018793841495441e+00
4.850000000000000000e+01,3.806874034431957377e+00
4.860000000000000142e+01,3.804331609063795749e+00
4.870000000000000284e+01,3.810685073944855006e+00
4.880000000000000426e+01,3.812923636694045548e+00
4.890000000000000568e+01,3.816404675344641451e+00
4.900000000000000000e+01,3.816535688042093977e+00
4.910000000000000142e+01,3.819033059036424760e+00
4.920000000000000284e+01,3.816822483908005381e+00
4.930000000000000426e+01,3.815245214728566037e+00
4.940000000000000568e+01,3.815771050788798746e+00
4.950000000000000000e+01,3.813666485806841422e+00
4.960000000000000142e+01,3.808851331757590053e+00
4.970000000000000284e+01,3.804046338189253529e+00
4.980000000000000426e+01,3.801480311018071045e+00
4.990000000000000568e+01,3.797466726595636999e+00
5.000000000000000000e+01,3.795188592550522877e+00
5.010000000000000142e+01,3.794729367563173472e+00
5.020000000000000284e+01,3.791284292358619190e+00
5.030000000000000426e+01,3.788709858319266210e+00
5.040000000000000568e+01,3.791503365027971473e+00
5.050000000000000000e+01,3.795561676186462563e+00
5.060000000000000142e+01,3.799772450126865930e+00
5.070000000000000284e+01,3.805880481282151173e+00
5.080000000000000426e+01,3.808125069799833451e+00
5.090000000000000568e+01,3.812350101266694047e+00
5.100000000000000000e+01,3.817323127789031378e+00
5.110000000000000142e+01,3.817107698574861097e+00
5.120000000000000284e+01,3.818438238104276738e+00
5.130000000000000426e+01,3.818907966835165979e+00
5.140000000000000568e+01,3.820836160004917215e+00
5.150000000000000000e+01,3.821087088466188941e+00
5.160000000000000142e+01,3.824187186296012175e+00
5.170000000000000284e+01,3.826315498847555396e+00
5.180000000000000426e+01,3.829830913934494596e+00
5.190000000000000568e+01,3.826561189048201861e+00
5.200000000000000000e+01,3.830187358086845073e+00
5.210000000000000142e+01,3.835467174203250895e+00
5.220000000000000284e+01,3.838262486061911005e+00
5.230000000000000426e+01,3.840953899732456822e+00
5.240000000000000568e+01,3.844462819313353208e+00
5.250000000000000000e+01,3.843943879162231347e+00
5.260000000000000142e+01,3.843892083188857445e+00
5.270000000000000284e+01,3.852257685197705506e+00
5.280000000000000426e+01,3.849917942863591236e+00
5.290000000000000568e+01,3.846931145795234208e+00
5.300000000000000000e+01,3.838978851930329839e+00
5.310000000000000142e+01,3.838006070888792198e+00
5.320000000000000284e+01,3.839944379804370200e+00
5.330000000000000426e+01,3.841365578023807625e+00
5.340000000000000568e+01,3.841998381505780547e+00
5.350000000000000000e+01,3.843879614631291020e+00
5.360000000000000142e+01,3.850193036639824484e+00
5.370000000000000284e+01,3.851514091178684485e+00
5.380000000000000426e+01,3.857902479623612102e+00
5.390000000000000568e+01,3.858088540600020266e+00
5.400000000000000000e+01,3.855015191630256854e+00
5.410000000000000142e+01,3.856964880621905678e+00
5.420000000000000284e+01,3.862642341129647328e+00
5.430000000000000426e+01,3.864880280886395347e+00
5.440000000000000568e+01,3.860435831236241011e+00
5.450000000000000000e+01,3.859849023373751464e+00
5.460000000000000142e+01,3.864503791291351575e+00
5.470000000000000284e+01,3.866261286626508475e+00
5.480000000000000426e+01,3.861862185612949805e+00
5.490000000000000568e+01,3.863991404399796270e+00
5.500000000000000000e+01,3.869697534315273746e+00
5.510000000000000142e+01,3.873322663871125116e+00
5.520000000000000284e+01,3.875781697210670451e+00
5.530000000000000426e+01,3.879345896651983594e+00
5.540000000000000568e+01,3.883066917080419067e+00
5.550000000000000000e+01,3.884589291332399164e+00
5.560000000000000142e+01,3.890612630020748863e+00
5.570000000000000284e+01,3.898281530389013927e+00
5.580000000000000426e+01,3.898826804837824955e+00
5.590000000000000568e+01,3.905450748758394930e+00
5.600000000000000000e+01,3.911726472846963620e+00
5.610000000000000142e+01,3.912119716979876038e+00
5.620000000000000284e+01,3.903407638841007277e+00
5.630000000000000426e+01,3.895209690142705128e+00
5.640000000000000568e+01,3.896984330638860516e+00
5.650000000000000000e+01,3.891597119628074086e+00
5.660000000000000142e+01,3.886605629940712792e+00
5.670000000000000284e+01,3.893679877113772392e+00
5.680000000000000426e+01,3.892570340215518510e+00
5.690000000000000568e+01,3.896001596578341442e+00
5.700000000000000000e+01,3.899457106583515742e+00
5.710000000000000142e+01,3.898409917218255138e+00
5.720000000000000284e+01,3.899767840441600963e+00
5.730000000000000426e+01,3.901219289674684898e+00
5.740000000000000568e+01,3.904074108547759270e+00
5.750000000000000000e+01,3.900153410384794128e+00
5.760000000000000142e+01,3.900231893646675552e+00
5.770000000000000284e+01,3.900209534751651219e+00
5.780000000000000426e+01,3.902439355476623462e+00
5.790000000000000568e+01,3.912992658976787386e+00
5.800000000000000000e+01,3.922418439011880587e+00
5.810000000000000142e+01,3.926029560244328476e+00
5.820000000000000284e+01,3.936271075755855886e+00
5.830000000000000426e+01,3.936785084222841569e+00
5.840000000000000568e+01,3.939524458097844573e+00
5.850000000000000000e+01,3.940322392565177356e+00
5.860000000000000142e+01,3.937738794156288691e+00
5.870000000000000284e+01,3.935342687697767072e+00
5.880000000000000426e+01,3.933150902847960761e+00
5.890000000000000568e+01,3.927187932904880885e+00
5.900000000000000000e+01,3.927943507783250521e+00
5.910000000000000142e+01,3.940513552247105533e+00
5.920000000000000284e+01,3.945092445312504026e+00
5.930000000000000426e+01,3.944382624596376008e+00
5.940000000000000568e+01,3.955374897017188474e+00
5.950000000000000000e+01,3.956793142289885878e+00
5.960000000000000142e+01,3.964687531728416037e+00
5.970000000000000284e+01,3.964047638371921867e+00
5.980000000000000426e+01,3.963647540513782097e+00
5.990000000000000568e+01,3.965333116734175434e+00
6.000000000000000000e+01,3.972355178469862746e+00
6.010000000000000142e+01,3.979168735141869195e+00
6.020000000000000284e+01,3.988752231353562827e+00
6.030000000000000426e+01,4.000489748441916404e+00
6.040000000000000568e+01,4.006972673536683516e+00
6.050000000000000000e+01,4.017385097610737255e+00
6.060000000000000142e+01,4.031319539544734987e+00
6.070000000000000284e+01,4.038065182648469253e+00
6.080000000000000426e+01,4.043019043201100615e+00
6.090000000000000568e+01,4.039567981703417132e+00
6.100000000000000000e+01,4.038653871587372990e+00
6.110000000000000142e+01,4.038118337120202739e+00
6.120000000000000284e+01,4.041249509741430934e+00
6.130000000000000426e+01,4.046077050108838336e+00
6.140000000000000568e+01,4.050456980146034169e+00
6.150000000000000000e+01,4.051398034832043749e+00
6.160000000000000142e+01,4.062463984622297630e+00
6.170000000000000284e+01,4.068383688965034217e+00
6.180000000000000426e+01,4.072403216990998942e+00
6.190000000000000568e+01,4.078393991574619015e+00
6.200000000000000000e+01,4.083552881672241064e+00
6.210000000000000142e+01,4.086692931681201735e+00
6.220000000000000284e+01,4.091653808103021817e+00
6.230000000000000426e+01,4.092202847080581130e+00
6.240000000000000568e+01,4.090263789628668434e+00
6.250000000000000000e+01,4.093562232450729255e+00
6.260000000000000142e+01,4.102639900524740035e+00
6.270000000000000284e+01,4.104677308986811823e+00
6.280000000000000426e+01,4.113384375545867222e+00
6.290000000000000568e+01,4.119616339685529205e+00
6.300000000000000000e+01,4.119637346740579353e+00
6.310000000000000142e+01,4.115437502903132483e+00
6.320000000000000284e+01,4.108420331636507328e+00
6.330000000000000426e+01,4.106826341919420642e+00
6.340000000000000568e+01,4.106276167133215971e+00
6.350000000000000000e+01,4.102608910845039425e+00
6.360000000000000142e+01,4.099363499136741140e+00
6.370000000000000284e+01,4.087870699561040766e+00
6.380000000000000426e+01,4.092235653362465975e+00
6.390000000000000568e+01,4.092823034727563147e+00
6.400000000000000000e+01,4.080087153458813454e+00
6.410000000000000853e+01,4.081507947023442107e+00
6.420000000000000284e+01,4.088021230593858135e+00
6.429999999999999716e+01,4.091290366170738935e+00
6.440000000000000568e+01,4.093776828954188041e+00
6.450000000000000000e+01,4.089707424606596753e+00
6.460000000000000853e+01,4.094087637715892569e+00
6.470000000000000284e+01,4.096853570505584408e+00
6.479999999999999716e+01,4.098345095483882261e+00
6.490000000000000568e+01,4.104405081909391129e+00
6.500000000000000000e+01,4.103864646988388820e+00
6.510000000000000853e+01,4.111874477874044587e+00
6.520000000000000284e+01,4.112889502721109203e+00
6.529999999999999716e+01,4.113408240202576671e+00
6.540000000000000568e+01,4.111992959757071020e+00
6.550000000000000000e+01,4.110673229056693856e+00
6.560000000000000853e+01,4.112866802255497944e+00
6.570000000000000284e+01,4.110355756919825687e+00
6.579999999999999716e+01,4.111550507187891945e+00
6.590000000000000568e+01,4.111945442136804019e+00
6.600000000000000000e+01,4.111858635094446157e+00
6.610000000000000853e+01,4.110534537194778792e+00
6.620000000000000284e+01,4.111012792913116165e+00
6.629999999999999716e+01,4.120944107610886142e+00
6.640000000000000568e+01,4.130035386642431305e+00
6.650000000000000000e+01,4.128393458338371680e+00
6.660000000000000853e+01,4.139767692826006318e+00
6.670000000000000284e+01,4.136205162485181219e+00
6.679999999999999716e+01,4.132285030458148434e+00
6.690000000000000568e+01,4.125323539860838551e+00
6.700000000000000000e+01,4.134749544607180027e+00
6.710000000000000853e+01,4.134350491645871095e+00
6.720000000000000284e+01,4.138347103000845628e+00
6.729999999999999716e+01,4.140047445466933596e+00
6.740000000000000568e+01,4.142285248707048062e+00
6.750000000000000000e+01,4.141513205657729735e+00
6.760000000000000853e+01,4.148347292091036920e+00
6.770000000000000284e+01,4.147622176318676246e+00
6.779999999999999716e+01,4.149817314841379279e+00
6.790000000000000568e+01,4.152113917620065209e+00
6.800000000000000000e+01,4.156490189099633525e+00
6.810000000000000853e+01,4.164258196951471369e+00
6.820000000000000284e+01,4.165423519650538253e+00
6.829999999999999716e+01,4.165593147800246143e+00
6.840000000000000568e+01,4.180652486178256133e+00
6.850000000000000000e+01,4.194393764581080930e+00
6.860000000000000853e+01,4.199653955186060550e+00
6.870000000000000284e+01,4.204025777542606868e+00
6.879999999999999716e+01,4.205687328131078928e+00
6.890000000000000568e+01,4.208174893806184258e+00
6.900000000000000000e+01,4.216475985558088446e+00
6.910000000000000853e+01,4.219617434980265536e+00
6.920000000000000284e+01,4.220659776530553131e+00
6.929999999999999716e+01,4.222625353420413674e+00
6.940000000000000568e+01,4.222831193391463955e+00
6.950000000000000000e+01,4.224073093777234611e+00
6.960000000000000853e+01,4.228730522613080467e+00
6.970000000000000284e+01,4.237379361815094114e+00
6.979999999999999716e+01,4.244670193896696198e+00
6.990000000000000568e+01,4.244824899985842670e+00
7.000000000000000000e+01,4.254085846654147574e+00
7.010000000000000853e+01,4.268827097213134358e+00
7.020000000000000284e+01,4.280414544455523718e+00
7.029999999999999716e+01,4.277182256244817182e+00
7.040000000000000568e+01,4.275192901137146784e+00
7.050000000000000000e+01,4.276268952242674004e+00
7.060000000000000853e+01,4.275658624739862468e+00
7.070000000000000284e+01,4.275503506667435616e+00
7.079999999999999716e+01,4.276010675034434882e+00
7.090000000000000568e+01,4.258784559437351902e+00
7.100000000000000000e+01,4.255435953992498632e+00
7.110000000000000853e+01,4.253762069729676298e+00
7.120000000000000284e+01,4.255065114338065335e+00
7.129999999999999716e+01,4.269953449502030374e+00
7.140000000000000568e+01,4.265941710810638554e+00
7.150000000000000000e+01,4.273913339696378877e+00
7.160000000000000853e+01,4.279914811611708281e+00
7.170000000000000284e+01,4.275211012414160017e+00
7.179999999999999716e+01,4.270144159313653098e+00
7.190000000000000568e+01,4.270827448054010489e+00
7.200000000000000000e+01,4.270198088964875183e+00
7.210000000000000853e+01,4.266216539784042361e+00
7.220000000000000284e+01,4.270796267802288604e+00
7.229999999999999716e+01,4.278692172083286671e+00
7.240000000000000568e+01,4.292140424812644461e+00
7.250000000000000000e+01,4.308711961664942081e+00
7.260000000000000853e+01,4.300605279689404092e+00
7.270000000000000284e+01,4.300919020494792022e+00
7.279999999999999716e+01,4.299082035355745290e+00
7.290000000000000568e+01,4.303947992252115995e+00
7.300000000000000000e+01,4.301138146778823668e+00
7.310000000000000853e+01,4.306225202643596539e+00
7.320000000000000284e+01,4.298326523720614745e+00
7.329999999999999716e+01,4.291819150286557694e+00
7.340000000000000568e+01,4.291428765030983250e+00
7.350000000000000000e+01,4.300941634951951364e+00
7.360000000000000853e+01,4.301314261257680904e+00
7.370000000000000284e+01,4.311971491933102918e+00
7.379999999999999716e+01,4.320963230226139373e+00
7.390000000000000568e+01,4.329119958051236061e+00
7.400000000000000000e+01,4.339325442876503125e+00
7.410000000000000853e+01,4.346891598452403471e+00
7.420000000000000284e+01,4.370632622973158909e+00
7.429999999999999716e+01,4.371528474040506040e+00
7.440000000000000568e+01,4.361801290576134527e+00
7.450000000000000000e+01,4.367371219422569339e+00
7.460000000000000853e+01,4.362383361337701437e+00
7.470000000000000284e+01,4.370044571664577937e+00
7.479999999999999716e+01,4.376586023145893733e+00
7.490000000000000568e+01,4.376481273240917069e+00
7.500000000000000000e+01,4.367341182542678446e+00
7.510000000000000853e+01,4.353365786767380285e+00
7.520000000000000284e+01,4.352718196448374322e+00
7.529999999999999716e+01,4.348562046416822646e+00
7.540000000000000568e+01,4.361145261662299433e+00
7.550000000000000000e+01,4.378939736876604094e+00
7.560000000000000853e+01,4.401543312364132987e+00
7.570000000000000284e+01,4.408799107954187946e+00
7.579999999999999716e+01,4.407781832900614205e+00
7.590000000000000568e+01,4.424972650691701759e+00
7.600000000000000000e+01,4.429953777050256392e+00
7.610000000000000853e+01,4.444009785531878975e+00
7.620000000000000284e+01,4.438565642093433183e+00
7.629999999999999716e+01,4.424989510981945706e+00
7.640000000000000568e+01,4.412770736072570976e+00
7.650000000000000000e+01,4.396292300937611586e+00
7.660000000000000853e+01,4.369522360038738285e+00
7.670000000000000284e+01,4.366457895214927554e+00
7.680000000000001137e+01,4.368026641180013492e+00
7.690000000000000568e+01,4.384698258967862472e+00
7.700000000000000000e+01,4.403915716720079310e+00
7.710000000000000853e+01,4.405278454803860377e+00
7.720000000000000284e+01,4.370403091878844570e+00
7.730000000000001137e+01,4.364665266745161532e+00
7.740000000000000568e+01,4.365580824899249812e+00
7.750000000000000000e+01,4.364219215088696480e+00
7.760000000000000853e+01,4.346950668561908593e+00
7.770000000000000284e+01,4.361230803362579067e+00
7.780000000000001137e+01,4.383110818584792234e+00
7.790000000000000568e+01,4.415564887253379034e+00
7.800000000000000000e+01,4.455252067104707336e+00
7.810000000000000853e+01,4.440373027226113045e+00
7.820000000000000284e+01,4.446770534403389874e+00
7.830000000000001137e+01,4.445277132903903805e+00
7.840000000000000568e+01,4.412902885400963982e+00
7.850000000000000000e+01,4.434846995571843031e+00
7.860000000000000853e+01,4.440849626949225026e+00
7.870000000000000284e+01,4.473543240537569687e+00
7.880000000000001137e+01,4.496537687800848282e+00
7.890000000000000568e+01,4.470591446922360213e+00
7.900000000000000000e+01,4.489370160092746254e+00
7.910000000000000853e+01,4.496037647088154898e+00
7.920000000000000284e+01,4.513213624381051225e+00
7.930000000000001137e+01,4.531340717570000010e+00
7.940000000000000568e+01,4.523730175888468708e+00
7.950000000000000000e+01,4.528925727170228122e+00
7.960000000000000853e+01,4.565843967313556462e+00
7.970000000000000284e+01,4.584541917647414699e+00
7.980000000000001137e+01,4.501152796744262830e+00
7.990000000000000568e+01,4.666977127445652407e+00
8.000000000000000000e+01,4.645568757331675513e+00
