time_ps,T_K,PE_eV,Etot_eV,P_GPa,volume_A3,density_g_cm3
0.000000000000000000e+00,3.000000000000000000e+02,-9.116377199999999448e+02,-9.042311099999999442e+02,-1.506195700000000082e-01,5.825467400000000453e+03,1.913854600000000072e+00
5.000000000000000278e-02,3.168572199999999839e+02,-9.120823000000000320e+02,-9.042595099999999775e+02,1.433878000000000097e-01,5.825467400000000453e+03,1.913854600000000072e+00
1.000000000000000056e-01,3.065069399999999860e+02,-9.120083300000000008e+02,-9.044410800000000563e+02,5.098214699999999849e-02,5.825467400000000453e+03,1.913854600000000072e+00
1.499999999999999944e-01,3.000846999999999980e+02,-9.122621400000000449e+02,-9.048534399999999778e+02,2.312892600000000243e-01,5.825467400000000453e+03,1.913854600000000072e+00
2.000000000000000111e-01,3.027133699999999976e+02,-9.129308700000000272e+02,-9.054572699999999941e+02,4.142627299999999957e-02,5.825467400000000453e+03,1.913854600000000072e+00
2.500000000000000000e-01,2.868481800000000135e+02,-9.130194800000000441e+02,-9.059375700000000506e+02,-1.623562899999999865e-01,5.825467400000000453e+03,1.913854600000000072e+00
2.999999999999999889e-01,2.729506600000000276e+02,-9.127149899999999434e+02,-9.059761899999999741e+02,1.942924299999999882e-01,5.825467400000000453e+03,1.913854600000000072e+00
3.499999999999999778e-01,2.915356300000000260e+02,-9.129229900000000271e+02,-9.057253600000000233e+02,1.152312699999999933e-02,5.825467400000000453e+03,1.913854600000000072e+00
4.000000000000000222e-01,2.963173600000000079e+02,-9.127096299999999474e+02,-9.053939400000000433e+02,-4.044504800000000427e-02,5.825467400000000453e+03,1.913854600000000072e+00
4.500000000000000111e-01,3.102608500000000049e+02,-9.127134399999999914e+02,-9.050534999999999854e+02,3.536602800000000074e-02,5.825467400000000453e+03,1.913854600000000072e+00
5.000000000000000000e-01,3.244495200000000068e+02,-9.127700899999999820e+02,-9.047598600000000033e+02,1.530212400000000028e-01,5.825467400000000453e+03,1.913854600000000072e+00
5.500000000000000444e-01,3.042843899999999735e+02,-9.120765900000000101e+02,-9.045642100000000028e+02,-1.445282099999999903e-01,5.825467400000000453e+03,1.913854600000000072e+00
5.999999999999999778e-01,3.223275600000000054e+02,-9.122867199999999457e+02,-9.043288700000000517e+02,2.108795000000000114e-02,5.825467400000000453e+03,1.913854600000000072e+00
6.500000000000000222e-01,3.101032099999999900e+02,-9.117460099999999557e+02,-9.040899699999999939e+02,3.656496399999999841e-02,5.825467400000000453e+03,1.913854600000000072e+00
6.999999999999999556e-01,3.068360700000000065e+02,-9.113372000000000526e+02,-9.037618199999999433e+02,1.890835199999999980e-02,5.825467400000000453e+03,1.913854600000000072e+00
7.500000000000000000e-01,3.282159100000000080e+02,-9.114158800000000156e+02,-9.033126600000000508e+02,7.440163900000000378e-03,5.825467400000000453e+03,1.913854600000000072e+00
8.000000000000000444e-01,3.477862999999999829e+02,-9.116432800000000043e+02,-9.030569000000000415e+02,5.240806599999999621e-02,5.825467400000000453e+03,1.913854600000000072e+00
8.499999999999999778e-01,3.329181699999999751e+02,-9.113480499999999438e+02,-9.031287399999999934e+02,-8.106653599999999460e-02,5.825467400000000453e+03,1.913854600000000072e+00
9.000000000000000222e-01,3.282470799999999826e+02,-9.113520099999999502e+02,-9.032480299999999716e+02,1.768090800000000073e-01,5.825467400000000453e+03,1.913854600000000072e+00
9.499999999999999556e-01,3.345223700000000235e+02,-9.115737900000000309e+02,-9.033148700000000417e+02,2.091313800000000056e-01,5.825467400000000453e+03,1.913854600000000072e+00
1.000000000000000000e+00,3.076846400000000017e+02,-9.110244099999999889e+02,-9.034280800000000227e+02,5.469324100000000355e-02,5.825467400000000453e+03,1.913854600000000072e+00
1.050000000000000044e+00,3.415718499999999835e+02,-9.118686000000000149e+02,-9.034356299999999464e+02,3.116162200000000548e-01,5.825467400000000453e+03,1.913854600000000072e+00
1.100000000000000089e+00,3.228396099999999933e+02,-9.115114099999999553e+02,-9.035409300000000030e+02,3.513743900000000364e-01,5.825467400000000453e+03,1.913854600000000072e+00
1.149999999999999911e+00,3.199805900000000065e+02,-9.114793799999999919e+02,-9.035794799999999896e+02,1.458963000000000065e-01,5.825467400000000453e+03,1.913854600000000072e+00
1.199999999999999956e+00,3.332117999999999824e+02,-9.117536199999999553e+02,-9.035270600000000059e+02,1.723194700000000024e-01,5.825467400000000453e+03,1.913854600000000072e+00
1.250000000000000000e+00,3.173361600000000067e+02,-9.110736299999999801e+02,-9.032390199999999822e+02,-2.630592099999999878e-01,5.825467400000000453e+03,1.913854600000000072e+00
1.300000000000000044e+00,3.656089299999999866e+02,-9.115489900000000034e+02,-9.025225900000000365e+02,3.540771799999999914e-01,5.825467400000000453e+03,1.913854600000000072e+00
1.350000000000000089e+00,3.638574699999999780e+02,-9.110690499999999474e+02,-9.020858799999999746e+02,-6.335075900000000648e-02,5.825467400000000453e+03,1.913854600000000072e+00
1.399999999999999911e+00,3.618361600000000067e+02,-9.108786999999999807e+02,-9.019454399999999623e+02,4.390909000000000062e-01,5.825467400000000453e+03,1.913854600000000072e+00
1.449999999999999956e+00,3.435609099999999785e+02,-9.105407400000000280e+02,-9.020586700000000064e+02,-2.986698500000000214e-02,5.825467400000000453e+03,1.913854600000000072e+00
1.500000000000000000e+00,3.594243599999999788e+02,-9.111648999999999887e+02,-9.022911900000000287e+02,1.448261799999999988e-01,5.825467400000000453e+03,1.913854600000000072e+00
1.550000000000000044e+00,3.030820499999999811e+02,-9.101422599999999647e+02,-9.026595600000000559e+02,-6.574684600000001156e-02,5.825467400000000453e+03,1.913854600000000072e+00
1.600000000000000089e+00,3.492901299999999765e+02,-9.114900199999999586e+02,-9.028665099999999484e+02,1.025683200000000045e-01,5.825467400000000453e+03,1.913854600000000072e+00
1.649999999999999911e+00,3.399267100000000141e+02,-9.116410100000000511e+02,-9.032486699999999473e+02,3.457532100000000608e-02,5.825467400000000453e+03,1.913854600000000072e+00
1.699999999999999956e+00,2.966277799999999729e+02,-9.111618099999999458e+02,-9.038384600000000546e+02,1.224854800000000077e-01,5.825467400000000453e+03,1.913854600000000072e+00
1.750000000000000000e+00,3.223681700000000205e+02,-9.120020500000000538e+02,-9.040431999999999562e+02,-3.027142999999999935e-03,5.825467400000000453e+03,1.913854600000000072e+00
1.800000000000000044e+00,3.290474699999999757e+02,-9.120115399999999681e+02,-9.038877899999999954e+02,-4.908217800000000408e-02,5.825467400000000453e+03,1.913854600000000072e+00
1.850000000000000089e+00,3.412084100000000149e+02,-9.117407500000000482e+02,-9.033167600000000448e+02,2.644509100000000390e-01,5.825467400000000453e+03,1.913854600000000072e+00
1.899999999999999911e+00,3.486431499999999915e+02,-9.113203300000000127e+02,-9.027127900000000409e+02,1.634316900000000183e-01,5.825467400000000453e+03,1.913854600000000072e+00
1.949999999999999956e+00,3.679687700000000063e+02,-9.113717100000000073e+02,-9.022870400000000473e+02,4.314357400000000398e-02,5.825467400000000453e+03,1.913854600000000072e+00
2.000000000000000000e+00,3.496811700000000087e+02,-9.106693999999999960e+02,-9.020362300000000459e+02,1.437605799999999989e-01,5.825467400000000453e+03,1.913854600000000072e+00
2.049999999999999822e+00,3.503782600000000116e+02,-9.103966000000000349e+02,-9.017462199999999939e+02,1.358881100000000064e-01,5.825467400000000453e+03,1.913854600000000072e+00
2.100000000000000089e+00,3.784764299999999935e+02,-9.108356999999999744e+02,-9.014916100000000370e+02,3.420820200000000422e-01,5.825467400000000453e+03,1.913854600000000072e+00
2.149999999999999911e+00,3.577527400000000171e+02,-9.102647699999999986e+02,-9.014323299999999790e+02,1.841902800000000118e-01,5.825467400000000453e+03,1.913854600000000072e+00
2.200000000000000178e+00,3.723408400000000142e+02,-9.105052500000000464e+02,-9.013126499999999623e+02,1.301540700000000106e-01,5.825467400000000453e+03,1.913854600000000072e+00
2.250000000000000000e+00,3.772396699999999896e+02,-9.106510200000000168e+02,-9.013374700000000530e+02,7.545037500000000008e-02,5.825467400000000453e+03,1.913854600000000072e+00
2.299999999999999822e+00,3.735917200000000093e+02,-9.109068399999999883e+02,-9.016833599999999933e+02,3.448509700000000344e-01,5.825467400000000453e+03,1.913854600000000072e+00
2.350000000000000089e+00,3.475931100000000242e+02,-9.108490399999999454e+02,-9.022674200000000155e+02,2.287890600000000163e-01,5.825467400000000453e+03,1.913854600000000072e+00
2.399999999999999911e+00,3.177487100000000169e+02,-9.106439199999999801e+02,-9.027991200000000163e+02,9.537758899999999873e-02,5.825467400000000453e+03,1.913854600000000072e+00
2.450000000000000178e+00,3.342173500000000104e+02,-9.112238200000000461e+02,-9.029724300000000312e+02,1.072739300000000034e-01,5.825467400000000453e+03,1.913854600000000072e+00
2.500000000000000000e+00,3.466875400000000127e+02,-9.113616299999999910e+02,-9.028023699999999963e+02,3.402089800000000497e-01,5.825467400000000453e+03,1.913854600000000072e+00
2.549999999999999822e+00,3.350534200000000169e+02,-9.104865800000000036e+02,-9.022145500000000311e+02,1.775724800000000048e-01,5.825467400000000453e+03,1.913854600000000072e+00
2.600000000000000089e+00,3.662076500000000010e+02,-9.104952200000000175e+02,-9.014540299999999888e+02,1.682183399999999940e-01,5.825467400000000453e+03,1.913854600000000072e+00
2.649999999999999911e+00,3.573647199999999771e+02,-9.099564699999999675e+02,-9.011336000000000013e+02,-3.053475600000000179e-01,5.825467400000000453e+03,1.913854600000000072e+00
2.700000000000000178e+00,3.863423099999999977e+02,-9.104007400000000416e+02,-9.008624499999999671e+02,2.978181799999999879e-01,5.825467400000000453e+03,1.913854600000000072e+00
2.750000000000000000e+00,3.836132099999999809e+02,-9.102085100000000466e+02,-9.007376000000000431e+02,-1.950430800000000076e-01,5.825467400000000453e+03,1.913854600000000072e+00
2.799999999999999822e+00,3.931204900000000180e+02,-9.105146999999999480e+02,-9.008090700000000197e+02,6.379331100000000532e-02,5.825467400000000453e+03,1.913854600000000072e+00
2.850000000000000089e+00,3.612999100000000112e+02,-9.100222700000000486e+02,-9.011022500000000264e+02,4.529710600000000364e-01,5.825467400000000453e+03,1.913854600000000072e+00
2.899999999999999911e+00,4.016474099999999794e+02,-9.111815199999999777e+02,-9.012653699999999617e+02,-2.603692200000000123e-01,5.825467400000000453e+03,1.913854600000000072e+00
2.950000000000000178e+00,3.429720800000000054e+02,-9.098384200000000419e+02,-9.013708900000000313e+02,-1.655288099999999984e-01,5.825467400000000453e+03,1.913854600000000072e+00
3.000000000000000000e+00,3.975590900000000261e+02,-9.108563400000000456e+02,-9.010411199999999781e+02,2.618116200000000227e-01,5.825467400000000453e+03,1.913854600000000072e+00
3.049999999999999822e+00,4.155469299999999748e+02,-9.106908200000000306e+02,-9.004315100000000029e+02,5.586947400000000230e-02,5.825467400000000453e+03,1.913854600000000072e+00
3.100000000000000089e+00,3.879000899999999774e+02,-9.094444899999999734e+02,-8.998677500000000009e+02,1.380853900000000023e-01,5.825467400000000453e+03,1.913854600000000072e+00
3.149999999999999911e+00,4.177754800000000159e+02,-9.095864500000000135e+02,-8.992721199999999726e+02,1.770883700000000227e-01,5.825467400000000453e+03,1.913854600000000072e+00
3.200000000000000178e+00,4.339817400000000021e+02,-9.098311300000000301e+02,-8.991166899999999487e+02,3.283452000000000592e-01,5.825467400000000453e+03,1.913854600000000072e+00
3.250000000000000000e+00,4.171582399999999780e+02,-9.097970800000000509e+02,-8.994979899999999589e+02,1.351848700000000125e-01,5.825467400000000453e+03,1.913854600000000072e+00
3.299999999999999822e+00,3.882687000000000239e+02,-9.094053699999999480e+02,-8.998195200000000114e+02,5.929007899999999900e-03,5.825467400000000453e+03,1.913854600000000072e+00
3.350000000000000089e+00,3.963030899999999974e+02,-9.096435199999999668e+02,-8.998593200000000252e+02,1.362554200000000160e-01,5.825467400000000453e+03,1.913854600000000072e+00
3.399999999999999911e+00,3.978423000000000229e+02,-9.096889300000000276e+02,-8.998667299999999614e+02,8.733666200000000934e-02,5.825467400000000453e+03,1.913854600000000072e+00
3.450000000000000178e+00,4.285634499999999889e+02,-9.105228600000000370e+02,-8.999421899999999823e+02,1.705206400000000011e-01,5.825467400000000453e+03,1.913854600000000072e+00
3.500000000000000000e+00,4.075528699999999844e+02,-9.101606699999999819e+02,-9.000987199999999575e+02,7.773944600000000718e-03,5.825467400000000453e+03,1.913854600000000072e+00
3.549999999999999822e+00,4.108375800000000027e+02,-9.101989099999999553e+02,-9.000558700000000272e+02,1.168281899999999984e-01,5.825467400000000453e+03,1.913854600000000072e+00
3.600000000000000089e+00,4.209433000000000220e+02,-9.103631199999999808e+02,-8.999705900000000156e+02,1.399362700000000015e-01,5.825467400000000453e+03,1.913854600000000072e+00
3.649999999999999911e+00,3.977213499999999726e+02,-9.096927799999999706e+02,-8.998735699999999724e+02,-8.676917099999999217e-02,5.825467400000000453e+03,1.913854600000000072e+00
3.700000000000000178e+00,4.050890099999999734e+02,-9.095585499999999683e+02,-8.995574400000000423e+02,2.659534100000000012e-01,5.825467400000000453e+03,1.913854600000000072e+00
3.750000000000000000e+00,4.245723199999999906e+02,-9.094053000000000111e+02,-8.989231600000000526e+02,2.547907400000000155e-01,5.825467400000000453e+03,1.913854600000000072e+00
3.799999999999999822e+00,4.531258599999999888e+02,-9.091216200000000072e+02,-8.979345399999999700e+02,-1.351621799999999929e-01,5.825467400000000453e+03,1.913854600000000072e+00
3.850000000000000089e+00,4.783721899999999891e+02,-9.088924399999999650e+02,-8.970820599999999558e+02,4.118295900000000231e-01,5.825467400000000453e+03,1.913854600000000072e+00
3.899999999999999911e+00,4.329167299999999727e+02,-9.078394500000000562e+02,-8.971513099999999667e+02,1.632091599999999920e-01,5.825467400000000453e+03,1.913854600000000072e+00
3.950000000000000178e+00,4.561301700000000210e+02,-9.085715199999999641e+02,-8.973102599999999711e+02,1.744765600000000028e-01,5.825467400000000453e+03,1.913854600000000072e+00
4.000000000000000000e+00,4.260280200000000264e+02,-9.081859899999999470e+02,-8.976679199999999810e+02,2.692753200000000402e-01,5.825467400000000453e+03,1.913854600000000072e+00
4.049999999999999822e+00,4.257950900000000161e+02,-9.085683999999999969e+02,-8.980560699999999770e+02,-2.907972100000000282e-01,5.825467400000000453e+03,1.913854600000000072e+00
4.099999999999999645e+00,4.024806500000000256e+02,-9.083338700000000472e+02,-8.983971500000000106e+02,2.834772400000000192e-01,5.825467400000000453e+03,1.913854600000000072e+00
4.150000000000000355e+00,3.935693800000000238e+02,-9.083351000000000113e+02,-8.986183899999999767e+02,1.248512999999999984e-01,5.825467400000000453e+03,1.913854600000000072e+00
4.200000000000000178e+00,4.316969700000000216e+02,-9.092917700000000423e+02,-8.986337399999999889e+02,3.779449000000000281e-01,5.825467400000000453e+03,1.913854600000000072e+00
4.250000000000000000e+00,3.969557100000000105e+02,-9.084357199999999466e+02,-8.986354099999999789e+02,1.989720199999999925e-02,5.825467400000000453e+03,1.913854600000000072e+00
4.299999999999999822e+00,4.479884700000000066e+02,-9.093786999999999807e+02,-8.983184499999999844e+02,2.472143700000000166e-01,5.825467400000000453e+03,1.913854600000000072e+00
4.349999999999999645e+00,4.383075499999999920e+02,-9.086000599999999849e+02,-8.977788199999999961e+02,5.019952300000000284e-02,5.825467400000000453e+03,1.913854600000000072e+00
4.400000000000000355e+00,4.380593700000000013e+02,-9.080661300000000438e+02,-8.972510200000000395e+02,2.327030300000000052e-01,5.825467400000000453e+03,1.913854600000000072e+00
4.450000000000000178e+00,4.918564200000000142e+02,-9.088443499999999631e+02,-8.967010599999999840e+02,2.779038799999999920e-01,5.825467400000000453e+03,1.913854600000000072e+00
4.500000000000000000e+00,4.374476300000000037e+02,-9.075735399999999800e+02,-8.967735400000000254e+02,1.650598900000000147e-01,5.825467400000000453e+03,1.913854600000000072e+00
4.549999999999999822e+00,4.187271200000000135e+02,-9.074865700000000288e+02,-8.971487499999999500e+02,1.253164600000000184e-01,5.825467400000000453e+03,1.913854600000000072e+00
4.599999999999999645e+00,4.266792399999999930e+02,-9.083436299999999619e+02,-8.978094800000000077e+02,3.036608900000000166e-01,5.825467400000000453e+03,1.913854600000000072e+00
4.650000000000000355e+00,4.048963600000000156e+02,-9.086290900000000192e+02,-8.986327300000000378e+02,-6.166682400000000203e-02,5.825467400000000453e+03,1.913854600000000072e+00
4.700000000000000178e+00,4.114333500000000186e+02,-9.090853100000000495e+02,-8.989275699999999460e+02,2.425440600000000058e-01,5.825467400000000453e+03,1.913854600000000072e+00
4.750000000000000000e+00,4.214010799999999790e+02,-9.092836099999999533e+02,-8.988797700000000077e+02,1.251908500000000202e-01,5.825467400000000453e+03,1.913854600000000072e+00
4.799999999999999822e+00,4.300994499999999903e+02,-9.092304599999999937e+02,-8.986118699999999535e+02,1.605341799999999985e-02,5.825467400000000453e+03,1.913854600000000072e+00
4.849999999999999645e+00,4.169148900000000140e+02,-9.082941700000000083e+02,-8.980010899999999765e+02,2.988752000000000075e-01,5.825467400000000453e+03,1.913854600000000072e+00
4.900000000000000355e+00,4.592160900000000083e+02,-9.082429499999999507e+02,-8.969055100000000493e+02,-1.919719599999999970e-01,5.825467400000000453e+03,1.913854600000000072e+00
4.950000000000000178e+00,4.259599299999999857e+02,-9.068998500000000149e+02,-8.963834600000000137e+02,2.056083000000000216e-01,5.825467400000000453e+03,1.913854600000000072e+00
5.000000000000000000e+00,4.490592800000000011e+02,-9.072382499999999936e+02,-8.961515600000000177e+02,9.332164800000000704e-02,5.825467400000000453e+03,1.913854600000000072e+00
5.049999999999999822e+00,4.707712599999999838e+02,-9.077033400000000256e+02,-8.960806199999999535e+02,2.387407600000000241e-01,5.825467400000000453e+03,1.913854600000000072e+00
5.099999999999999645e+00,4.762587899999999763e+02,-9.081100500000000011e+02,-8.963518400000000383e+02,5.686763600000000612e-02,5.825467400000000453e+03,1.913854600000000072e+00
5.150000000000000355e+00,4.365131099999999833e+02,-9.077015000000000100e+02,-8.969245700000000170e+02,5.445356300000000482e-01,5.825467400000000453e+03,1.913854600000000072e+00
5.200000000000000178e+00,4.498886899999999969e+02,-9.085131000000000085e+02,-8.974059399999999869e+02,3.203738799999999998e-01,5.825467400000000453e+03,1.913854600000000072e+00
5.250000000000000000e+00,4.178747200000000248e+02,-9.080824800000000323e+02,-8.977657000000000380e+02,4.912946700000000444e-01,5.825467400000000453e+03,1.913854600000000072e+00
5.299999999999999822e+00,4.062196299999999951e+02,-9.077965299999999615e+02,-8.977675000000000409e+02,2.778115899999999971e-01,5.825467400000000453e+03,1.913854600000000072e+00
5.349999999999999645e+00,4.545460299999999734e+02,-9.083914800000000014e+02,-8.971693400000000338e+02,3.728608999999999951e-01,5.825467400000000453e+03,1.913854600000000072e+00
5.400000000000000355e+00,4.412130500000000097e+02,-9.071102300000000014e+02,-8.962172600000000102e+02,3.243574700000000366e-01,5.825467400000000453e+03,1.913854600000000072e+00
5.450000000000000178e+00,5.043393100000000118e+02,-9.080984200000000328e+02,-8.956469499999999471e+02,3.956213699999999722e-01,5.825467400000000453e+03,1.913854600000000072e+00
5.500000000000000000e+00,4.698353399999999738e+02,-9.072335500000000366e+02,-8.956339299999999639e+02,1.306723500000000204e-01,5.825467400000000453e+03,1.913854600000000072e+00
5.549999999999999822e+00,4.470051399999999830e+02,-9.067277699999999641e+02,-8.956917999999999438e+02,2.437715400000000088e-01,5.825467400000000453e+03,1.913854600000000072e+00
5.599999999999999645e+00,5.171226900000000342e+02,-9.084927099999999882e+02,-8.957256300000000238e+02,1.481693900000000119e-01,5.825467400000000453e+03,1.913854600000000072e+00
5.650000000000000355e+00,4.855388800000000060e+02,-9.081383499999999458e+02,-8.961510299999999916e+02,2.276205599999999996e-01,5.825467400000000453e+03,1.913854600000000072e+00
5.700000000000000178e+00,4.336148900000000026e+02,-9.074260900000000447e+02,-8.967207100000000537e+02,1.802565500000000154e-01,5.825467400000000453e+03,1.913854600000000072e+00
5.750000000000000000e+00,4.567929899999999748e+02,-9.082649599999999737e+02,-8.969873400000000174e+02,1.370725400000000205e-01,5.825467400000000453e+03,1.913854600000000072e+00
5.799999999999999822e+00,4.858223699999999781e+02,-9.090604299999999967e+02,-8.970661099999999806e+02,5.583986499999999964e-01,5.825467400000000453e+03,1.913854600000000072e+00
5.849999999999999645e+00,4.634445900000000051e+02,-9.086263800000000401e+02,-8.971845399999999700e+02,-1.898644100000000112e-01,5.825467400000000453e+03,1.913854600000000072e+00
5.900000000000000355e+00,4.548544600000000173e+02,-9.084825899999999592e+02,-8.972528300000000172e+02,4.016961800000000138e-01,5.825467400000000453e+03,1.913854600000000072e+00
5.950000000000000178e+00,4.282459499999999935e+02,-9.074865899999999783e+02,-8.969137500000000500e+02,-1.891434800000000027e-01,5.825467400000000453e+03,1.913854600000000072e+00
6.000000000000000000e+00,4.833101800000000026e+02,-9.078697200000000294e+02,-8.959374299999999494e+02,3.695469200000000010e-01,5.825467400000000453e+03,1.913854600000000072e+00
6.049999999999999822e+00,4.572145399999999995e+02,-9.065229199999999992e+02,-8.952348899999999503e+02,-5.211581200000000441e-02,5.825467400000000453e+03,1.913854600000000072e+00
6.099999999999999645e+00,4.427175599999999918e+02,-9.055576300000000174e+02,-8.946275100000000293e+02,7.285661599999999904e-02,5.825467400000000453e+03,1.913854600000000072e+00
6.150000000000000355e+00,5.058879699999999957e+02,-9.063517500000000382e+02,-8.938620399999999790e+02,2.917764100000000069e-02,5.825467400000000453e+03,1.913854600000000072e+00
6.200000000000000178e+00,5.115294400000000223e+02,-9.060729099999999789e+02,-8.934439200000000483e+02,6.228518800000000522e-02,5.825467400000000453e+03,1.913854600000000072e+00
6.250000000000000000e+00,4.923371999999999957e+02,-9.055831799999999703e+02,-8.934280199999999468e+02,2.128255000000000285e-01,5.825467400000000453e+03,1.913854600000000072e+00
6.299999999999999822e+00,4.981218000000000075e+02,-9.058548399999999674e+02,-8.935568600000000288e+02,1.667967800000000056e-01,5.825467400000000453e+03,1.913854600000000072e+00
6.349999999999999645e+00,5.212715600000000222e+02,-9.068584100000000490e+02,-8.939888999999999442e+02,2.510748600000000108e-01,5.825467400000000453e+03,1.913854600000000072e+00
6.400000000000000355e+00,4.313485499999999888e+02,-9.053130800000000136e+02,-8.946636499999999614e+02,3.052679799999999943e-01,5.825467400000000453e+03,1.913854600000000072e+00
6.450000000000000178e+00,4.863110199999999850e+02,-9.070538900000000240e+02,-8.950475099999999884e+02,5.568828099999999504e-01,5.825467400000000453e+03,1.913854600000000072e+00
6.500000000000000000e+00,4.429504800000000273e+02,-9.064563600000000179e+02,-8.955204999999999700e+02,2.115878800000000060e-01,5.825467400000000453e+03,1.913854600000000072e+00
6.549999999999999822e+00,4.694570499999999811e+02,-9.074745599999999968e+02,-8.958842799999999897e+02,2.982211000000000167e-01,5.825467400000000453e+03,1.913854600000000072e+00
6.599999999999999645e+00,4.646364399999999932e+02,-9.075342100000000300e+02,-8.960629400000000260e+02,1.648768800000000034e-01,5.825467400000000453e+03,1.913854600000000072e+00
6.650000000000000355e+00,4.734923699999999940e+02,-9.075224399999999605e+02,-8.958325300000000198e+02,1.762309999999999988e-01,5.825467400000000453e+03,1.913854600000000072e+00
6.700000000000000178e+00,4.732019999999999982e+02,-9.067657100000000128e+02,-8.950829800000000205e+02,2.106405400000000150e-01,5.825467400000000453e+03,1.913854600000000072e+00
6.750000000000000000e+00,5.084145599999999945e+02,-9.066965999999999894e+02,-8.941445099999999684e+02,4.568228699999999920e-01,5.825467400000000453e+03,1.913854600000000072e+00
6.799999999999999822e+00,5.207002099999999700e+02,-9.063896200000000363e+02,-8.935342200000000048e+02,2.612350500000000242e-01,5.825467400000000453e+03,1.913854600000000072e+00
6.849999999999999645e+00,5.284568400000000565e+02,-9.063095100000000457e+02,-8.932626000000000204e+02,8.522885000000001154e-01,5.825467400000000453e+03,1.913854600000000072e+00
6.900000000000000355e+00,5.413617299999999659e+02,-9.064302900000000136e+02,-8.930647800000000416e+02,6.811093199999999903e-02,5.825467400000000453e+03,1.913854600000000072e+00
6.950000000000000178e+00,5.143348700000000235e+02,-9.057388700000000199e+02,-8.930406199999999899e+02,3.691881699999999822e-01,5.825467400000000453e+03,1.913854600000000072e+00
7.000000000000000000e+00,5.084220700000000193e+02,-9.058051799999999503e+02,-8.932529100000000426e+02,2.455533200000000263e-02,5.825467400000000453e+03,1.913854600000000072e+00
7.049999999999999822e+00,4.996014499999999998e+02,-9.059709699999999657e+02,-8.936364700000000312e+02,5.455378300000001124e-01,5.825467400000000453e+03,1.913854600000000072e+00
7.099999999999999645e+00,4.941843200000000138e+02,-9.064369699999999739e+02,-8.942362100000000282e+02,3.185299500000000200e-02,5.825467400000000453e+03,1.913854600000000072e+00
7.150000000000000355e+00,4.777913399999999911e+02,-9.066068999999999960e+02,-8.948108600000000479e+02,2.021160800000000313e-01,5.825467400000000453e+03,1.913854600000000072e+00
7.200000000000000178e+00,4.449803699999999935e+02,-9.060225100000000111e+02,-8.950365299999999706e+02,2.864868500000000151e-01,5.825467400000000453e+03,1.913854600000000072e+00
7.250000000000000000e+00,4.731618799999999965e+02,-9.062180700000000115e+02,-8.945363200000000461e+02,1.307155000000000122e-01,5.825467400000000453e+03,1.913854600000000072e+00
7.299999999999999822e+00,5.265555100000000266e+02,-9.064139999999999873e+02,-8.934140400000000000e+02,4.473400899999999680e-01,5.825467400000000453e+03,1.913854600000000072e+00
7.349999999999999645e+00,5.031302499999999895e+02,-9.052214500000000044e+02,-8.927998199999999542e+02,4.910740900000000464e-02,5.825467400000000453e+03,1.913854600000000072e+00
7.400000000000000355e+00,4.958262199999999780e+02,-9.046743900000000167e+02,-8.924330899999999929e+02,3.073283500000000279e-01,5.825467400000000453e+03,1.913854600000000072e+00
7.450000000000000178e+00,5.367656399999999621e+02,-9.053178299999999581e+02,-8.920657899999999927e+02,3.517709500000000267e-01,5.825467400000000453e+03,1.913854600000000072e+00
7.500000000000000000e+00,5.587386800000000449e+02,-9.055096999999999525e+02,-8.917151800000000321e+02,1.017570399999999931e-01,5.825467400000000453e+03,1.913854600000000072e+00
7.549999999999999822e+00,5.682946500000000469e+02,-9.056746900000000551e+02,-8.916442399999999679e+02,5.448631400000000791e-02,5.825467400000000453e+03,1.913854600000000072e+00
7.599999999999999645e+00,5.582713899999999967e+02,-9.057297899999999800e+02,-8.919468000000000529e+02,1.393565200000000115e-01,5.825467400000000453e+03,1.913854600000000072e+00
7.650000000000000355e+00,5.225898700000000190e+02,-9.055670099999999820e+02,-8.926649599999999509e+02,9.464591699999999608e-02,5.825467400000000453e+03,1.913854600000000072e+00
7.700000000000000178e+00,5.141078400000000101e+02,-9.062029800000000250e+02,-8.935103299999999535e+02,2.282372000000000220e-02,5.825467400000000453e+03,1.913854600000000072e+00
7.750000000000000000e+00,5.225978499999999940e+02,-9.071247200000000248e+02,-8.942224700000000439e+02,3.555219000000000018e-01,5.825467400000000453e+03,1.913854600000000072e+00
7.799999999999999822e+00,4.291840300000000070e+02,-9.052070800000000190e+02,-8.946110899999999901e+02,8.767707900000000498e-02,5.825467400000000453e+03,1.913854600000000072e+00
7.849999999999999645e+00,4.790649700000000166e+02,-9.058341699999999719e+02,-8.940066900000000487e+02,2.460655100000000151e-01,5.825467400000000453e+03,1.913854600000000072e+00
7.900000000000000355e+00,5.517275600000000395e+02,-9.058721000000000458e+02,-8.922506700000000137e+02,7.445940200000000786e-02,5.825467400000000453e+03,1.913854600000000072e+00
7.950000000000000178e+00,5.428565300000000207e+02,-9.050735499999999547e+02,-8.916711400000000367e+02,2.486630099999999899e-01,5.825467400000000453e+03,1.913854600000000072e+00
8.000000000000000000e+00,5.590029299999999921e+02,-9.053859400000000051e+02,-8.915848899999999730e+02,1.864952600000000238e-01,5.825467400000000453e+03,1.913854600000000072e+00
8.050000000000000711e+00,5.472835300000000416e+02,-9.051755299999999806e+02,-8.916638199999999870e+02,3.576628099999999977e-01,5.825467400000000453e+03,1.913854600000000072e+00
8.099999999999999645e+00,5.407938199999999824e+02,-9.049210900000000493e+02,-8.915696000000000367e+02,1.550090500000000093e-01,5.825467400000000453e+03,1.913854600000000072e+00
8.150000000000000355e+00,5.477962199999999484e+02,-9.046867899999999736e+02,-8.911624199999999973e+02,8.298175199999999196e-02,5.825467400000000453e+03,1.913854600000000072e+00
8.199999999999999289e+00,5.340432799999999816e+02,-9.037773399999999810e+02,-8.905925099999999475e+02,1.768795400000000018e-01,5.825467400000000453e+03,1.913854600000000072e+00
8.250000000000000000e+00,5.607951699999999846e+02,-9.037785300000000461e+02,-8.899332399999999552e+02,1.950497599999999887e-01,5.825467400000000453e+03,1.913854600000000072e+00
8.300000000000000711e+00,5.783398399999999810e+02,-9.035762700000000223e+02,-8.892978100000000268e+02,1.279391200000000173e-01,5.825467400000000453e+03,1.913854600000000072e+00
8.349999999999999645e+00,5.880969300000000430e+02,-9.035201600000000326e+02,-8.890008199999999761e+02,4.476908199999999893e-01,5.825467400000000453e+03,1.913854600000000072e+00
8.400000000000000355e+00,5.681782699999999977e+02,-9.031475000000000364e+02,-8.891199199999999792e+02,9.144288700000000047e-02,5.825467400000000453e+03,1.913854600000000072e+00
8.449999999999999289e+00,5.906992699999999559e+02,-9.045738000000000056e+02,-8.899902100000000473e+02,2.974340500000000054e-01,5.825467400000000453e+03,1.913854600000000072e+00
8.500000000000000000e+00,5.508926800000000412e+02,-9.049418899999999439e+02,-8.913410699999999451e+02,2.720007999999999870e-01,5.825467400000000453e+03,1.913854600000000072e+00
8.550000000000000711e+00,5.064834700000000112e+02,-9.043086299999999937e+02,-8.918042199999999866e+02,3.045162400000000491e-01,5.825467400000000453e+03,1.913854600000000072e+00
8.599999999999999645e+00,5.451977699999999913e+02,-9.053135800000000017e+02,-8.918533599999999524e+02,2.173578300000000296e-01,5.825467400000000453e+03,1.913854600000000072e+00
8.650000000000000355e+00,4.746842199999999821e+02,-9.033793100000000322e+02,-8.916599800000000187e+02,5.200359000000000231e-02,5.825467400000000453e+03,1.913854600000000072e+00
8.699999999999999289e+00,5.589637800000000425e+02,-9.046404999999999745e+02,-8.908404199999999946e+02,1.907313399999999992e-01,5.825467400000000453e+03,1.913854600000000072e+00
8.750000000000000000e+00,6.207626299999999446e+02,-9.053536299999999528e+02,-8.900278100000000450e+02,4.127303700000000686e-01,5.825467400000000453e+03,1.913854600000000072e+00
8.800000000000000711e+00,6.232183099999999740e+02,-9.052772099999999682e+02,-8.898907699999999750e+02,-8.898622100000000423e-02,5.825467400000000453e+03,1.913854600000000072e+00
8.849999999999999645e+00,5.684413899999999558e+02,-9.041136699999999564e+02,-8.900796000000000276e+02,3.596048999999999773e-02,5.825467400000000453e+03,1.913854600000000072e+00
8.900000000000000355e+00,5.892657900000000382e+02,-9.048303799999999910e+02,-8.902821800000000394e+02,1.699906200000000089e-01,5.825467400000000453e+03,1.913854600000000072e+00
8.949999999999999289e+00,5.585505399999999554e+02,-9.046558400000000120e+02,-8.908659599999999728e+02,2.079653400000000263e-01,5.825467400000000453e+03,1.913854600000000072e+00
9.000000000000000000e+00,5.395901199999999562e+02,-9.049209799999999859e+02,-8.915992099999999709e+02,5.933942300000000225e-01,5.825467400000000453e+03,1.913854600000000072e+00
9.050000000000000711e+00,5.024952099999999859e+02,-9.046733900000000403e+02,-8.922674399999999650e+02,1.782051600000000013e-01,5.825467400000000453e+03,1.913854600000000072e+00
9.099999999999999645e+00,5.379766399999999749e+02,-9.058498399999999720e+02,-8.925679000000000087e+02,3.981375900000000412e-01,5.825467400000000453e+03,1.913854600000000072e+00
9.150000000000000355e+00,4.933087499999999750e+02,-9.047377800000000434e+02,-8.925586299999999937e+02,-6.123402700000000337e-02,5.825467400000000453e+03,1.913854600000000072e+00
9.199999999999999289e+00,5.371472700000000486e+02,-9.048722099999999955e+02,-8.916107500000000528e+02,-9.790555100000000732e-02,5.825467400000000453e+03,1.913854600000000072e+00
9.250000000000000000e+00,5.653398100000000568e+02,-9.042491400000000112e+02,-8.902916400000000294e+02,4.692831499999999822e-02,5.825467400000000453e+03,1.913854600000000072e+00
9.300000000000000711e+00,5.854340399999999818e+02,-9.039726299999999810e+02,-8.895190300000000434e+02,2.061896200000000179e-01,5.825467400000000453e+03,1.913854600000000072e+00
9.349999999999999645e+00,5.949980199999999968e+02,-9.037247200000000475e+02,-8.890349999999999682e+02,1.806606500000000060e-01,5.825467400000000453e+03,1.913854600000000072e+00
9.400000000000000355e+00,5.950959299999999530e+02,-9.035359899999999698e+02,-8.888438499999999749e+02,4.786737000000000353e-01,5.825467400000000453e+03,1.913854600000000072e+00
9.449999999999999289e+00,6.114028299999999945e+02,-9.038583300000000236e+02,-8.887635900000000220e+02,2.958414400000000111e-01,5.825467400000000453e+03,1.913854600000000072e+00
9.500000000000000000e+00,5.689091100000000552e+02,-9.026726700000000392e+02,-8.886270500000000538e+02,3.433928199999999875e-01,5.825467400000000453e+03,1.913854600000000072e+00
9.550000000000000711e+00,6.242867099999999709e+02,-9.035897499999999809e+02,-8.881769299999999703e+02,4.601028000000000340e-01,5.825467400000000453e+03,1.913854600000000072e+00
9.599999999999999645e+00,5.882376000000000431e+02,-9.022974799999999505e+02,-8.877746700000000146e+02,3.698927800000000321e-01,5.825467400000000453e+03,1.913854600000000072e+00
9.650000000000000355e+00,6.049089800000000423e+02,-9.021398799999999483e+02,-8.872054699999999912e+02,5.544682300000001174e-01,5.825467400000000453e+03,1.913854600000000072e+00
9.699999999999999289e+00,6.258394200000000183e+02,-9.020105700000000297e+02,-8.865594200000000455e+02,2.505166500000000074e-01,5.825467400000000453e+03,1.913854600000000072e+00
9.750000000000000000e+00,6.134361300000000483e+02,-9.011910500000000184e+02,-8.860461099999999988e+02,4.120297899999999514e-01,5.825467400000000453e+03,1.913854600000000072e+00
9.800000000000000711e+00,6.451480800000000499e+02,-9.017733200000000124e+02,-8.858454600000000028e+02,1.817029199999999900e-01,5.825467400000000453e+03,1.913854600000000072e+00
9.849999999999999645e+00,6.313873499999999694e+02,-9.015140000000000100e+02,-8.859258800000000065e+02,7.700091200000000469e-02,5.825467400000000453e+03,1.913854600000000072e+00
9.900000000000000355e+00,5.361345499999999902e+02,-8.996985700000000179e+02,-8.864621100000000524e+02,4.494595800000000252e-01,5.825467400000000453e+03,1.913854600000000072e+00
9.949999999999999289e+00,5.741601399999999558e+02,-9.011326999999999998e+02,-8.869574400000000196e+02,3.086367700000000047e-01,5.825467400000000453e+03,1.913854600000000072e+00
1.000000000000000000e+01,6.029230199999999513e+02,-9.023310999999999922e+02,-8.874457300000000259e+02,1.452791199999999838e-01,5.825467400000000453e+03,1.913854600000000072e+00
